{"v":"4.8.0","meta":{"g":"LottieFiles AE 2.0.4","a":"","k":"","d":"","tc":""},"fr":60,"ip":0,"op":61,"w":500,"h":500,"nm":"hover-account","ddd":0,"assets":[],"layers":[{"ddd":0,"ind":1,"ty":4,"nm":".primary.design","cl":"primary design","sr":1,"ks":{"o":{"a":0,"k":100,"ix":11},"r":{"a":0,"k":0,"ix":10},"p":{"a":0,"k":[249.998,250.001,0],"ix":2},"a":{"a":0,"k":[250,250,0],"ix":1},"s":{"a":0,"k":[2083,2083,100],"ix":6}},"ao":0,"shapes":[{"ty":"gr","it":[{"ind":0,"ty":"sh","ix":1,"ks":{"a":0,"k":{"i":[[1.392,0],[0,0],[0,-1.392],[0,0],[-1.392,0],[0,0],[0,0.541],[0,0]],"o":[[0,0],[-1.392,0],[0,0],[0,1.392],[0,0],[0.541,0],[0,0],[0,-1.392]],"v":[[0.479,-3.5],[-0.48,-3.5],[-3,-0.979],[-3,0.979],[-0.48,3.5],[2.02,3.5],[3,2.52],[3,-0.979]],"c":true},"ix":2},"nm":"Path 1","mn":"ADBE Vector Shape - Group","hd":false},{"ty":"fl","c":{"a":0,"k":[0.070588235294,0.074509803922,0.192156862745,1],"ix":4,"x":"var $bm_rt;\n$bm_rt = comp('8-account-solid').layer('Color & Stroke Change').effect('Primary')('Color');"},"o":{"a":0,"k":100,"ix":5},"r":1,"bm":0,"nm":"Fill 1","mn":"ADBE Vector Graphic - Fill","hd":false},{"ty":"tr","p":{"a":0,"k":[250,247.5],"ix":2},"a":{"a":0,"k":[0,0],"ix":1},"s":{"a":0,"k":[100,100],"ix":3},"r":{"a":0,"k":0,"ix":6},"o":{"a":0,"k":100,"ix":7},"sk":{"a":0,"k":0,"ix":4},"sa":{"a":0,"k":0,"ix":5},"nm":"Transform"}],"nm":"Group 1","np":2,"cix":2,"bm":0,"ix":1,"mn":"ADBE Vector Group","hd":false},{"ty":"gr","it":[{"ind":0,"ty":"sh","ix":1,"ks":{"a":0,"k":{"i":[[1.65,0],[0,0],[0.907,-1.256],[0.045,1.85],[-1.474,1.547],[-2.136,0.052],[0,0],[-0.104,-4.305],[1.234,-1.486]],"o":[[0,0],[-1.642,0],[-1.111,-1.339],[-0.052,-2.136],[1.474,-1.547],[0,0],[4.303,0],[0.047,1.95],[-0.907,-1.265]],"v":[[2.149,3],[-2.157,3],[-6.151,5.081],[-7.998,0.193],[-5.792,-5.518],[-0.193,-7.998],[0.005,-8],[7.998,-0.193],[6.155,5.098]],"c":true},"ix":2},"nm":"Path 1","mn":"ADBE Vector Shape - Group","hd":false},{"ind":1,"ty":"sh","ix":2,"ks":{"a":0,"k":{"i":[[0.069,2.863],[5.411,0],[0.082,-0.002],[-0.134,-5.521],[-1.769,-1.755],[0.001,-0.003],[-0.019,-0.018],[-0.042,-0.04],[-0.187,-0.151],[-0.006,-0.005],[-0.92,-0.374],[-0.053,-0.021],[-0.209,-0.065],[-0.013,-0.004],[-0.033,-0.01],[-0.122,-0.031],[-0.063,-0.015],[-0.103,-0.021],[-0.03,-0.006],[-0.149,-0.022],[-0.151,-0.015],[-0.033,-0.003],[-0.157,-0.007],[-0.142,0],[-0.003,0],[-0.002,0],[-0.082,0.002],[-1.527,1.027],[-0.014,0.01],[-0.202,0.161],[-0.051,0.042],[-0.15,0.142],[-0.06,0.058],[0.001,0.003]],"o":[[-0.131,-5.439],[-0.082,0],[-5.521,0.133],[0.065,2.688],[-0.001,0.003],[0.019,0.018],[0.042,0.041],[0.176,0.164],[0.006,0.005],[0.761,0.617],[0.053,0.021],[0.203,0.078],[0.013,0.004],[0.033,0.01],[0.12,0.036],[0.063,0.016],[0.102,0.024],[0.03,0.006],[0.147,0.028],[0.149,0.022],[0.033,0.003],[0.155,0.014],[0.141,0.006],[0.003,0],[0.002,0],[0.082,0],[1.976,-0.048],[0.014,-0.01],[0.214,-0.146],[0.052,-0.041],[0.159,-0.132],[0.061,-0.057],[-0.001,-0.003],[1.885,-1.869]],"v":[[9.997,-0.242],[0.005,-10],[-0.242,-9.997],[-9.997,0.242],[-7.041,7.096],[-7.043,7.104],[-6.984,7.156],[-6.854,7.272],[-6.315,7.752],[-6.297,7.767],[-3.764,9.264],[-3.603,9.322],[-2.988,9.543],[-2.95,9.556],[-2.851,9.584],[-2.485,9.677],[-2.296,9.724],[-1.992,9.801],[-1.901,9.816],[-1.456,9.883],[-1.01,9.95],[-0.91,9.955],[-0.44,9.979],[-0.019,10],[-0.01,10],[-0.005,10],[0.242,9.997],[5.567,8.297],[5.611,8.269],[6.232,7.807],[6.388,7.684],[6.849,7.271],[7.035,7.104],[7.033,7.095]],"c":true},"ix":2},"nm":"Path 2","mn":"ADBE Vector Shape - Group","hd":false},{"ty":"fl","c":{"a":0,"k":[0.070588235294,0.074509803922,0.192156862745,1],"ix":4,"x":"var $bm_rt;\n$bm_rt = comp('8-account-solid').layer('Color & Stroke Change').effect('Primary')('Color');"},"o":{"a":0,"k":100,"ix":5},"r":1,"bm":0,"nm":"Fill 1","mn":"ADBE Vector Graphic - Fill","hd":false},{"ty":"tr","p":{"a":0,"k":[250,250],"ix":2},"a":{"a":0,"k":[0,0],"ix":1},"s":{"a":0,"k":[100,100],"ix":3},"r":{"a":0,"k":0,"ix":6},"o":{"a":0,"k":100,"ix":7},"sk":{"a":0,"k":0,"ix":4},"sa":{"a":0,"k":0,"ix":5},"nm":"Transform"}],"nm":"Group 2","np":3,"cix":2,"bm":0,"ix":2,"mn":"ADBE Vector Group","hd":false}],"ip":0,"op":1,"st":-60,"bm":0},{"ddd":0,"ind":2,"ty":4,"nm":".primary.design","cl":"primary design","sr":1,"ks":{"o":{"a":0,"k":100,"ix":11},"r":{"a":0,"k":0,"ix":10},"p":{"a":0,"k":[249.998,250.001,0],"ix":2},"a":{"a":0,"k":[250,250,0],"ix":1},"s":{"a":0,"k":[2083,2083,100],"ix":6}},"ao":0,"shapes":[{"ty":"gr","it":[{"ind":0,"ty":"sh","ix":1,"ks":{"a":0,"k":{"i":[[1.392,0],[0,0],[0,-1.392],[0,0],[-1.392,0],[0,0],[0,0.541],[0,0]],"o":[[0,0],[-1.392,0],[0,0],[0,1.392],[0,0],[0.541,0],[0,0],[0,-1.392]],"v":[[0.479,-3.5],[-0.48,-3.5],[-3,-0.979],[-3,0.979],[-0.48,3.5],[2.02,3.5],[3,2.52],[3,-0.979]],"c":true},"ix":2},"nm":"Path 1","mn":"ADBE Vector Shape - Group","hd":false},{"ty":"fl","c":{"a":0,"k":[0.070588235294,0.074509803922,0.192156862745,1],"ix":4,"x":"var $bm_rt;\n$bm_rt = comp('8-account-solid').layer('Color & Stroke Change').effect('Primary')('Color');"},"o":{"a":0,"k":100,"ix":5},"r":1,"bm":0,"nm":"Fill 1","mn":"ADBE Vector Graphic - Fill","hd":false},{"ty":"tr","p":{"a":0,"k":[250,247.5],"ix":2},"a":{"a":0,"k":[0,0],"ix":1},"s":{"a":0,"k":[100,100],"ix":3},"r":{"a":0,"k":0,"ix":6},"o":{"a":0,"k":100,"ix":7},"sk":{"a":0,"k":0,"ix":4},"sa":{"a":0,"k":0,"ix":5},"nm":"Transform"}],"nm":"Group 1","np":2,"cix":2,"bm":0,"ix":1,"mn":"ADBE Vector Group","hd":false},{"ty":"gr","it":[{"ind":0,"ty":"sh","ix":1,"ks":{"a":0,"k":{"i":[[1.65,0],[0,0],[0.907,-1.256],[0.045,1.85],[-1.474,1.547],[-2.136,0.052],[0,0],[-0.104,-4.305],[1.234,-1.486]],"o":[[0,0],[-1.642,0],[-1.111,-1.339],[-0.052,-2.136],[1.474,-1.547],[0,0],[4.303,0],[0.047,1.95],[-0.907,-1.265]],"v":[[2.149,3],[-2.157,3],[-6.151,5.081],[-7.998,0.193],[-5.792,-5.518],[-0.193,-7.998],[0.005,-8],[7.998,-0.193],[6.155,5.098]],"c":true},"ix":2},"nm":"Path 1","mn":"ADBE Vector Shape - Group","hd":false},{"ind":1,"ty":"sh","ix":2,"ks":{"a":0,"k":{"i":[[0.069,2.863],[5.411,0],[0.082,-0.002],[-0.134,-5.521],[-1.769,-1.755],[0.001,-0.003],[-0.019,-0.018],[-0.042,-0.04],[-0.187,-0.151],[-0.006,-0.005],[-0.92,-0.374],[-0.053,-0.021],[-0.209,-0.065],[-0.013,-0.004],[-0.033,-0.01],[-0.122,-0.031],[-0.063,-0.015],[-0.103,-0.021],[-0.03,-0.006],[-0.149,-0.022],[-0.151,-0.015],[-0.033,-0.003],[-0.157,-0.007],[-0.142,0],[-0.003,0],[-0.002,0],[-0.082,0.002],[-1.527,1.027],[-0.014,0.01],[-0.202,0.161],[-0.051,0.042],[-0.15,0.142],[-0.06,0.058],[0.001,0.003]],"o":[[-0.131,-5.439],[-0.082,0],[-5.521,0.133],[0.065,2.688],[-0.001,0.003],[0.019,0.018],[0.042,0.041],[0.176,0.164],[0.006,0.005],[0.761,0.617],[0.053,0.021],[0.203,0.078],[0.013,0.004],[0.033,0.01],[0.12,0.036],[0.063,0.016],[0.102,0.024],[0.03,0.006],[0.147,0.028],[0.149,0.022],[0.033,0.003],[0.155,0.014],[0.141,0.006],[0.003,0],[0.002,0],[0.082,0],[1.976,-0.048],[0.014,-0.01],[0.214,-0.146],[0.052,-0.041],[0.159,-0.132],[0.061,-0.057],[-0.001,-0.003],[1.885,-1.869]],"v":[[9.997,-0.242],[0.005,-10],[-0.242,-9.997],[-9.997,0.242],[-7.041,7.096],[-7.043,7.104],[-6.984,7.156],[-6.854,7.272],[-6.315,7.752],[-6.297,7.767],[-3.764,9.264],[-3.603,9.322],[-2.988,9.543],[-2.95,9.556],[-2.851,9.584],[-2.485,9.677],[-2.296,9.724],[-1.992,9.801],[-1.901,9.816],[-1.456,9.883],[-1.01,9.95],[-0.91,9.955],[-0.44,9.979],[-0.019,10],[-0.01,10],[-0.005,10],[0.242,9.997],[5.567,8.297],[5.611,8.269],[6.232,7.807],[6.388,7.684],[6.849,7.271],[7.035,7.104],[7.033,7.095]],"c":true},"ix":2},"nm":"Path 2","mn":"ADBE Vector Shape - Group","hd":false},{"ty":"fl","c":{"a":0,"k":[0.070588235294,0.074509803922,0.192156862745,1],"ix":4,"x":"var $bm_rt;\n$bm_rt = comp('8-account-solid').layer('Color & Stroke Change').effect('Primary')('Color');"},"o":{"a":0,"k":100,"ix":5},"r":1,"bm":0,"nm":"Fill 1","mn":"ADBE Vector Graphic - Fill","hd":false},{"ty":"tr","p":{"a":0,"k":[250,250],"ix":2},"a":{"a":0,"k":[0,0],"ix":1},"s":{"a":0,"k":[100,100],"ix":3},"r":{"a":0,"k":0,"ix":6},"o":{"a":0,"k":100,"ix":7},"sk":{"a":0,"k":0,"ix":4},"sa":{"a":0,"k":0,"ix":5},"nm":"Transform"}],"nm":"Group 2","np":3,"cix":2,"bm":0,"ix":2,"mn":"ADBE Vector Group","hd":false}],"ip":60,"op":300,"st":0,"bm":0},{"ddd":0,"ind":3,"ty":4,"nm":".primary.design","cl":"primary design","sr":1,"ks":{"o":{"a":0,"k":100,"ix":11},"r":{"a":1,"k":[{"i":{"x":[0.667],"y":[1]},"o":{"x":[0.167],"y":[0.167]},"t":1,"s":[0]},{"i":{"x":[0.4],"y":[1]},"o":{"x":[0.333],"y":[0]},"t":12,"s":[24]},{"i":{"x":[0.667],"y":[1]},"o":{"x":[0.6],"y":[0]},"t":25,"s":[-14]},{"i":{"x":[0.667],"y":[1]},"o":{"x":[0.333],"y":[0]},"t":40,"s":[10]},{"i":{"x":[0.667],"y":[1]},"o":{"x":[0.333],"y":[0]},"t":52,"s":[-6]},{"t":60,"s":[0]}],"ix":10},"p":{"a":1,"k":[{"i":{"x":0.667,"y":1},"o":{"x":0.167,"y":0.167},"t":1,"s":[241,237.312,0],"to":[0,0,0],"ti":[0,0,0]},{"i":{"x":0.4,"y":1},"o":{"x":0.333,"y":0},"t":9,"s":[241,288.312,0],"to":[0,0,0],"ti":[0,0,0]},{"i":{"x":0.667,"y":1},"o":{"x":0.6,"y":0},"t":22,"s":[241,140.312,0],"to":[0,0,0],"ti":[0,0,0]},{"i":{"x":0.667,"y":1},"o":{"x":0.333,"y":0},"t":37,"s":[241,283.312,0],"to":[0,0,0],"ti":[0,0,0]},{"i":{"x":0.667,"y":1},"o":{"x":0.333,"y":0},"t":49,"s":[241,217.312,0],"to":[0,0,0],"ti":[0,0,0]},{"t":60,"s":[241,237.312,0]}],"ix":2},"a":{"a":0,"k":[-9.004,44.605,0],"ix":1},"s":{"a":0,"k":[100,100,100],"ix":6}},"ao":0,"shapes":[{"ty":"gr","it":[{"ind":0,"ty":"sh","ix":1,"ks":{"a":0,"k":{"i":[[19.196,0],[0,0],[0,-19.195],[0,0],[-19.196,0],[0,0],[0,0]],"o":[[0,0],[-19.196,0],[0,0],[0,19.196],[0,0],[0,0],[0,-19.195]],"v":[[6.225,-48.663],[-7.911,-48.472],[-42.667,-13.715],[-42.5,22.838],[-7.744,57.594],[41.148,57.402],[40.981,-13.907]],"c":true},"ix":2},"nm":"Path 1","mn":"ADBE Vector Shape - Group","hd":false},{"ty":"fl","c":{"a":0,"k":[0.070588235294,0.074509803922,0.192156862745,1],"ix":4,"x":"var $bm_rt;\n$bm_rt = comp('8-account-solid').layer('Color & Stroke Change').effect('Primary')('Color');"},"o":{"a":0,"k":100,"ix":5},"r":1,"bm":0,"nm":"Fill 1","mn":"ADBE Vector Graphic - Fill","hd":false},{"ty":"st","c":{"a":0,"k":[0.070588235294,0.074509803922,0.192156862745,1],"ix":3,"x":"var $bm_rt;\n$bm_rt = comp('8-account-solid').layer('Color & Stroke Change').effect('Primary')('Color');"},"o":{"a":0,"k":100,"ix":4},"w":{"a":0,"k":40.3,"ix":5},"lc":2,"lj":2,"bm":0,"nm":"Stroke 1","mn":"ADBE Vector Graphic - Stroke","hd":false},{"ty":"tr","p":{"a":0,"k":[0,0],"ix":2},"a":{"a":0,"k":[0,0],"ix":1},"s":{"a":0,"k":[100,100],"ix":3},"r":{"a":0,"k":0,"ix":6},"o":{"a":0,"k":100,"ix":7},"sk":{"a":0,"k":0,"ix":4},"sa":{"a":0,"k":0,"ix":5},"nm":"Transform"}],"nm":"Group 1","np":3,"cix":2,"bm":0,"ix":1,"mn":"ADBE Vector Group","hd":false}],"ip":1,"op":60,"st":0,"bm":0},{"ddd":0,"ind":4,"ty":4,"nm":".primary.design","cl":"primary design","sr":1,"ks":{"o":{"a":0,"k":100,"ix":11},"r":{"a":0,"k":-180,"ix":10},"p":{"a":0,"k":[250.004,250.003,0],"ix":2},"a":{"a":0,"k":[0,0,0],"ix":1},"s":{"a":0,"k":[100,100,100],"ix":6}},"ao":0,"shapes":[{"ty":"gr","it":[{"ind":0,"ty":"sh","ix":1,"ks":{"a":0,"k":{"i":[[-2.503,-103.55],[103.55,-2.503],[2.503,103.55],[-103.55,2.503]],"o":[[2.503,103.55],[-103.55,2.503],[-2.503,-103.55],[103.55,-2.503]],"v":[[187.494,-4.532],[4.532,187.494],[-187.494,4.532],[-4.532,-187.494]],"c":true},"ix":2},"nm":"Path 1","mn":"ADBE Vector Shape - Group","hd":false},{"ty":"st","c":{"a":0,"k":[0.070588235294,0.074509803922,0.192156862745,1],"ix":3,"x":"var $bm_rt;\n$bm_rt = comp('8-account-solid').layer('Color & Stroke Change').effect('Primary')('Color');"},"o":{"a":0,"k":100,"ix":4},"w":{"a":0,"k":40.3,"ix":5},"lc":2,"lj":2,"bm":0,"nm":"Stroke 1","mn":"ADBE Vector Graphic - Stroke","hd":false},{"ty":"tr","p":{"a":0,"k":[0,0],"ix":2},"a":{"a":0,"k":[0,0],"ix":1},"s":{"a":0,"k":[100,100],"ix":3},"r":{"a":0,"k":0,"ix":6},"o":{"a":0,"k":100,"ix":7},"sk":{"a":0,"k":0,"ix":4},"sa":{"a":0,"k":0,"ix":5},"nm":"Transform"}],"nm":"Group 1","np":2,"cix":2,"bm":0,"ix":1,"mn":"ADBE Vector Group","hd":false}],"ip":1,"op":60,"st":0,"bm":0},{"ddd":0,"ind":5,"ty":4,"nm":".primary.design","cl":"primary design","td":1,"sr":1,"ks":{"o":{"a":0,"k":100,"ix":11},"r":{"a":0,"k":-180,"ix":10},"p":{"a":0,"k":[250.004,250.003,0],"ix":2},"a":{"a":0,"k":[0,0,0],"ix":1},"s":{"a":0,"k":[100,100,100],"ix":6}},"ao":0,"shapes":[{"ty":"gr","it":[{"ind":0,"ty":"sh","ix":1,"ks":{"a":0,"k":{"i":[[-2.572,-106.399],[106.399,-2.572],[2.572,106.399],[-106.399,2.572]],"o":[[2.572,106.399],[-106.399,2.572],[-2.572,-106.399],[106.399,-2.572]],"v":[[192.652,-4.656],[4.656,192.652],[-192.652,4.656],[-4.656,-192.652]],"c":true},"ix":2},"nm":"Path 1","mn":"ADBE Vector Shape - Group","hd":false},{"ty":"fl","c":{"a":0,"k":[0.070588235294,0.074509803922,0.192156862745,1],"ix":4,"x":"var $bm_rt;\n$bm_rt = comp('8-account-solid').layer('Color & Stroke Change').effect('Primary')('Color');"},"o":{"a":0,"k":100,"ix":5},"r":1,"bm":0,"nm":"Fill 1","mn":"ADBE Vector Graphic - Fill","hd":false},{"ty":"tr","p":{"a":0,"k":[0,0],"ix":2},"a":{"a":0,"k":[0,0],"ix":1},"s":{"a":0,"k":[100,100],"ix":3},"r":{"a":0,"k":0,"ix":6},"o":{"a":0,"k":100,"ix":7},"sk":{"a":0,"k":0,"ix":4},"sa":{"a":0,"k":0,"ix":5},"nm":"Transform"}],"nm":"Group 1","np":2,"cix":2,"bm":0,"ix":1,"mn":"ADBE Vector Group","hd":false}],"ip":1,"op":60,"st":0,"bm":0},{"ddd":0,"ind":6,"ty":4,"nm":".primary.design","cl":"primary design","tt":1,"sr":1,"ks":{"o":{"a":0,"k":100,"ix":11},"r":{"a":0,"k":0,"ix":10},"p":{"a":1,"k":[{"i":{"x":0.667,"y":1},"o":{"x":0.167,"y":0.167},"t":1,"s":[250.5,301.226,0],"to":[0,0,0],"ti":[0,0,0]},{"i":{"x":0.4,"y":1},"o":{"x":0.333,"y":0},"t":6,"s":[250.5,329.226,0],"to":[0,0,0],"ti":[0,0,0]},{"i":{"x":0.667,"y":1},"o":{"x":0.6,"y":0},"t":19,"s":[250.5,249.226,0],"to":[0,0,0],"ti":[0,0,0]},{"i":{"x":0.667,"y":1},"o":{"x":0.333,"y":0},"t":34,"s":[250.5,341.226,0],"to":[0,0,0],"ti":[0,0,0]},{"t":47,"s":[250.5,301.226,0]}],"ix":2},"a":{"a":0,"k":[0.496,108.519,0],"ix":1},"s":{"a":0,"k":[100,100,100],"ix":6}},"ao":0,"shapes":[{"ty":"gr","it":[{"ty":"st","c":{"a":0,"k":[0.070588235294,0.074509803922,0.192156862745,1],"ix":3,"x":"var $bm_rt;\n$bm_rt = comp('8-account-solid').layer('Color & Stroke Change').effect('Primary')('Color');"},"o":{"a":0,"k":100,"ix":4},"w":{"a":0,"k":31.3,"ix":5},"lc":2,"lj":2,"bm":0,"nm":"Stroke 1","mn":"ADBE Vector Graphic - Stroke","hd":false},{"ty":"tr","p":{"a":0,"k":[22,40],"ix":2},"a":{"a":0,"k":[0,0],"ix":1},"s":{"a":0,"k":[100,100],"ix":3},"r":{"a":0,"k":31,"ix":6},"o":{"a":0,"k":0,"ix":7},"sk":{"a":0,"k":0,"ix":4},"sa":{"a":0,"k":0,"ix":5},"nm":"Transform"}],"nm":"Group 1","np":1,"cix":2,"bm":0,"ix":1,"mn":"ADBE Vector Group","hd":false},{"ty":"gr","it":[{"ind":0,"ty":"sh","ix":1,"ks":{"a":0,"k":{"i":[[0,0],[-8.125,37.5],[-39.792,0],[0,0],[-8.125,-37.5],[0,0]],"o":[[0,0],[8.125,-37.5],[0,0],[39.792,0],[0,0],[0,0]],"v":[[-146.004,115.955],[-128.126,32.708],[-46.875,-32.708],[46.875,-32.708],[128.126,32.708],[146.996,121.955]],"c":false},"ix":2},"nm":"Path 1","mn":"ADBE Vector Shape - Group","hd":false},{"ty":"st","c":{"a":0,"k":[0.070588235294,0.074509803922,0.192156862745,1],"ix":3,"x":"var $bm_rt;\n$bm_rt = comp('8-account-solid').layer('Color & Stroke Change').effect('Primary')('Color');"},"o":{"a":0,"k":100,"ix":4},"w":{"a":0,"k":31.3,"ix":5},"lc":2,"lj":2,"bm":0,"nm":"Stroke 1","mn":"ADBE Vector Graphic - Stroke","hd":false},{"ty":"tr","p":{"a":0,"k":[0,168],"ix":2},"a":{"a":0,"k":[0,0],"ix":1},"s":{"a":0,"k":[100,100],"ix":3},"r":{"a":0,"k":0,"ix":6},"o":{"a":0,"k":100,"ix":7},"sk":{"a":0,"k":0,"ix":4},"sa":{"a":0,"k":0,"ix":5},"nm":"Transform"}],"nm":"Group 2","np":2,"cix":2,"bm":0,"ix":2,"mn":"ADBE Vector Group","hd":false},{"ty":"fl","c":{"a":0,"k":[0.070588235294,0.074509803922,0.192156862745,1],"ix":4,"x":"var $bm_rt;\n$bm_rt = comp('8-account-solid').layer('Color & Stroke Change').effect('Primary')('Color');"},"o":{"a":0,"k":100,"ix":5},"r":1,"bm":0,"nm":"Fill 1","mn":"ADBE Vector Graphic - Fill","hd":false}],"ip":1,"op":60,"st":0,"bm":0}],"markers":[]}