{"v":"4.8.0","meta":{"g":"LottieFiles AE 2.0.4","a":"","k":"","d":"","tc":""},"fr":60,"ip":0,"op":101,"w":500,"h":500,"nm":"hover-chat","ddd":0,"assets":[{"id":"comp_0","layers":[{"ddd":0,"ind":1,"ty":4,"nm":".primary.design","cl":"primary design","sr":1,"ks":{"o":{"a":0,"k":100,"ix":11},"r":{"a":0,"k":0,"ix":10},"p":{"a":1,"k":[{"i":{"x":0.667,"y":1},"o":{"x":0.333,"y":0},"t":0,"s":[333.332,250.003,0],"to":[0,0,0],"ti":[0,0,0]},{"i":{"x":0.21,"y":1},"o":{"x":0.333,"y":0},"t":12,"s":[333.332,304.003,0],"to":[0,0,0],"ti":[0,0,0]},{"i":{"x":0.667,"y":1},"o":{"x":0.79,"y":0},"t":30,"s":[333.332,166.003,0],"to":[0,0,0],"ti":[0,0,0]},{"i":{"x":0.667,"y":1},"o":{"x":0.333,"y":0},"t":46,"s":[333.332,269.003,0],"to":[0,0,0],"ti":[0,0,0]},{"t":59,"s":[333.332,250.003,0]}],"ix":2},"a":{"a":0,"k":[0,0,0],"ix":1},"s":{"a":0,"k":[100,100,100],"ix":6}},"ao":0,"shapes":[{"ty":"gr","it":[{"ind":0,"ty":"sh","ix":1,"ks":{"a":1,"k":[{"i":{"x":0.833,"y":0.833},"o":{"x":0.167,"y":0.167},"t":12,"s":[{"i":[[0,0],[0,0]],"o":[[0,0],[0,0]],"v":[[0,0],[0,0]],"c":false}]},{"i":{"x":0.21,"y":1},"o":{"x":0.167,"y":0.167},"t":20,"s":[{"i":[[0,0],[0,0]],"o":[[0,0],[0,0]],"v":[[-0.336,50],[0,0]],"c":false}]},{"i":{"x":0.833,"y":0.833},"o":{"x":0.79,"y":0},"t":30,"s":[{"i":[[0,0],[0,0]],"o":[[0,0],[0,0]],"v":[[0,0],[0,0]],"c":false}]},{"i":{"x":0.833,"y":0.833},"o":{"x":0.167,"y":0.167},"t":40,"s":[{"i":[[0,0],[0,0]],"o":[[0,0],[0,0]],"v":[[-0.336,-7],[0,0]],"c":false}]},{"t":46,"s":[{"i":[[0,0],[0,0]],"o":[[0,0],[0,0]],"v":[[0,0],[0,0]],"c":false}]}],"ix":2},"nm":"Path 1","mn":"ADBE Vector Shape - Group","hd":false},{"ty":"st","c":{"a":0,"k":[0.070588235294,0.074509803922,0.192156862745,1],"ix":3},"o":{"a":0,"k":100,"ix":4},"w":{"a":0,"k":53,"ix":5},"lc":2,"lj":2,"bm":0,"nm":"Stroke 1","mn":"ADBE Vector Graphic - Stroke","hd":false},{"ty":"fl","c":{"a":0,"k":[0.070588235294,0.074509803922,0.192156862745,1],"ix":4},"o":{"a":0,"k":100,"ix":5},"r":1,"bm":0,"nm":"Fill 1","mn":"ADBE Vector Graphic - Fill","hd":false},{"ty":"tr","p":{"a":0,"k":[0,0],"ix":2},"a":{"a":0,"k":[0,0],"ix":1},"s":{"a":0,"k":[100,100],"ix":3},"r":{"a":0,"k":0,"ix":6},"o":{"a":0,"k":100,"ix":7},"sk":{"a":0,"k":0,"ix":4},"sa":{"a":0,"k":0,"ix":5},"nm":"Transform"}],"nm":"Group 1","np":3,"cix":2,"bm":0,"ix":1,"mn":"ADBE Vector Group","hd":false}],"ip":0,"op":59,"st":-1,"bm":0},{"ddd":0,"ind":2,"ty":4,"nm":".primary.design","cl":"primary design","sr":1,"ks":{"o":{"a":0,"k":100,"ix":11},"r":{"a":0,"k":0,"ix":10},"p":{"a":1,"k":[{"i":{"x":0.667,"y":1},"o":{"x":0.333,"y":0},"t":0,"s":[249.998,250.003,0],"to":[0,0,0],"ti":[0,0,0]},{"i":{"x":0.21,"y":1},"o":{"x":0.333,"y":0},"t":9,"s":[249.998,304.003,0],"to":[0,0,0],"ti":[0,0,0]},{"i":{"x":0.667,"y":1},"o":{"x":0.79,"y":0},"t":27,"s":[249.998,166.003,0],"to":[0,0,0],"ti":[0,0,0]},{"i":{"x":0.667,"y":1},"o":{"x":0.333,"y":0},"t":43,"s":[249.998,269.003,0],"to":[0,0,0],"ti":[0,0,0]},{"t":56,"s":[249.998,250.003,0]}],"ix":2},"a":{"a":0,"k":[0,0,0],"ix":1},"s":{"a":0,"k":[100,100,100],"ix":6}},"ao":0,"shapes":[{"ty":"gr","it":[{"ind":0,"ty":"sh","ix":1,"ks":{"a":1,"k":[{"i":{"x":0.833,"y":0.833},"o":{"x":0.167,"y":0.167},"t":9,"s":[{"i":[[0,0],[0,0]],"o":[[0,0],[0,0]],"v":[[0,0],[0,0]],"c":false}]},{"i":{"x":0.21,"y":1},"o":{"x":0.167,"y":0.167},"t":17,"s":[{"i":[[0,0],[0,0]],"o":[[0,0],[0,0]],"v":[[-0.336,50],[0,0]],"c":false}]},{"i":{"x":0.833,"y":0.833},"o":{"x":0.79,"y":0},"t":27,"s":[{"i":[[0,0],[0,0]],"o":[[0,0],[0,0]],"v":[[0,0],[0,0]],"c":false}]},{"i":{"x":0.833,"y":0.833},"o":{"x":0.167,"y":0.167},"t":37,"s":[{"i":[[0,0],[0,0]],"o":[[0,0],[0,0]],"v":[[-0.336,-7],[0,0]],"c":false}]},{"t":43,"s":[{"i":[[0,0],[0,0]],"o":[[0,0],[0,0]],"v":[[0,0],[0,0]],"c":false}]}],"ix":2},"nm":"Path 1","mn":"ADBE Vector Shape - Group","hd":false},{"ty":"st","c":{"a":0,"k":[0.070588235294,0.074509803922,0.192156862745,1],"ix":3},"o":{"a":0,"k":100,"ix":4},"w":{"a":0,"k":53,"ix":5},"lc":2,"lj":2,"bm":0,"nm":"Stroke 1","mn":"ADBE Vector Graphic - Stroke","hd":false},{"ty":"fl","c":{"a":0,"k":[0.070588235294,0.074509803922,0.192156862745,1],"ix":4},"o":{"a":0,"k":100,"ix":5},"r":1,"bm":0,"nm":"Fill 1","mn":"ADBE Vector Graphic - Fill","hd":false},{"ty":"tr","p":{"a":0,"k":[0,0],"ix":2},"a":{"a":0,"k":[0,0],"ix":1},"s":{"a":0,"k":[100,100],"ix":3},"r":{"a":0,"k":0,"ix":6},"o":{"a":0,"k":100,"ix":7},"sk":{"a":0,"k":0,"ix":4},"sa":{"a":0,"k":0,"ix":5},"nm":"Transform"}],"nm":"Group 1","np":3,"cix":2,"bm":0,"ix":1,"mn":"ADBE Vector Group","hd":false}],"ip":0,"op":59,"st":-1,"bm":0},{"ddd":0,"ind":3,"ty":4,"nm":".primary.design","cl":"primary design","sr":1,"ks":{"o":{"a":0,"k":100,"ix":11},"r":{"a":0,"k":0,"ix":10},"p":{"a":1,"k":[{"i":{"x":0.667,"y":1},"o":{"x":0.333,"y":0},"t":0,"s":[166.664,250.003,0],"to":[0,0,0],"ti":[0,0,0]},{"i":{"x":0.21,"y":1},"o":{"x":0.333,"y":0},"t":5,"s":[166.664,304.003,0],"to":[0,0,0],"ti":[0,0,0]},{"i":{"x":0.667,"y":1},"o":{"x":0.79,"y":0},"t":23,"s":[166.664,166.003,0],"to":[0,0,0],"ti":[0,0,0]},{"i":{"x":0.667,"y":1},"o":{"x":0.333,"y":0},"t":39,"s":[166.664,269.003,0],"to":[0,0,0],"ti":[0,0,0]},{"t":52,"s":[166.664,250.003,0]}],"ix":2},"a":{"a":0,"k":[0,0,0],"ix":1},"s":{"a":0,"k":[100,100,100],"ix":6}},"ao":0,"shapes":[{"ty":"gr","it":[{"ind":0,"ty":"sh","ix":1,"ks":{"a":1,"k":[{"i":{"x":0.833,"y":0.833},"o":{"x":0.167,"y":0.167},"t":5,"s":[{"i":[[0,0],[0,0]],"o":[[0,0],[0,0]],"v":[[0,0],[0,0]],"c":false}]},{"i":{"x":0.21,"y":1},"o":{"x":0.167,"y":0.167},"t":13,"s":[{"i":[[0,0],[0,0]],"o":[[0,0],[0,0]],"v":[[-0.336,50],[0,0]],"c":false}]},{"i":{"x":0.833,"y":0.833},"o":{"x":0.79,"y":0},"t":23,"s":[{"i":[[0,0],[0,0]],"o":[[0,0],[0,0]],"v":[[0,0],[0,0]],"c":false}]},{"i":{"x":0.833,"y":0.833},"o":{"x":0.167,"y":0.167},"t":33,"s":[{"i":[[0,0],[0,0]],"o":[[0,0],[0,0]],"v":[[-0.336,-7],[0,0]],"c":false}]},{"t":39,"s":[{"i":[[0,0],[0,0]],"o":[[0,0],[0,0]],"v":[[0,0],[0,0]],"c":false}]}],"ix":2},"nm":"Path 1","mn":"ADBE Vector Shape - Group","hd":false},{"ty":"st","c":{"a":0,"k":[0.070588235294,0.074509803922,0.192156862745,1],"ix":3},"o":{"a":0,"k":100,"ix":4},"w":{"a":0,"k":53,"ix":5},"lc":2,"lj":2,"bm":0,"nm":"Stroke 1","mn":"ADBE Vector Graphic - Stroke","hd":false},{"ty":"fl","c":{"a":0,"k":[0.070588235294,0.074509803922,0.192156862745,1],"ix":4},"o":{"a":0,"k":100,"ix":5},"r":1,"bm":0,"nm":"Fill 1","mn":"ADBE Vector Graphic - Fill","hd":false},{"ty":"tr","p":{"a":0,"k":[0,0],"ix":2},"a":{"a":0,"k":[0,0],"ix":1},"s":{"a":0,"k":[100,100],"ix":3},"r":{"a":0,"k":0,"ix":6},"o":{"a":0,"k":100,"ix":7},"sk":{"a":0,"k":0,"ix":4},"sa":{"a":0,"k":0,"ix":5},"nm":"Transform"}],"nm":"Group 1","np":3,"cix":2,"bm":0,"ix":1,"mn":"ADBE Vector Group","hd":false}],"ip":0,"op":59,"st":-1,"bm":0}]}],"layers":[{"ddd":0,"ind":1,"ty":4,"nm":".primary.design","cl":"primary design","sr":1,"ks":{"o":{"a":0,"k":100,"ix":11},"r":{"a":0,"k":0,"ix":10},"p":{"a":0,"k":[250,250,0],"ix":2},"a":{"a":0,"k":[0,0,0],"ix":1},"s":{"a":0,"k":[2083,2083,100],"ix":6}},"ao":0,"shapes":[{"ty":"gr","it":[{"ind":0,"ty":"sh","ix":1,"ks":{"a":0,"k":{"i":[[-0.24,0.23],[-0.07,0.04],[-0.07,0.04],[-0.08,0.02],[-0.16,-0.03],[-0.08,-0.03],[-0.06,-0.05],[-0.05,-0.06],[0,-0.33],[0.24,-0.23],[0.07,-0.05],[0.07,-0.03],[0.08,-0.01],[0.08,0],[0.08,0.02],[0.08,0.03],[0.06,0.04],[0.05,0.06],[0,0.32]],"o":[[0.05,-0.06],[0.06,-0.05],[0.08,-0.03],[0.16,-0.03],[0.08,0.02],[0.07,0.04],[0.07,0.04],[0.24,0.23],[0,0.32],[-0.05,0.06],[-0.06,0.04],[-0.08,0.03],[-0.08,0.02],[-0.08,0],[-0.08,-0.01],[-0.07,-0.03],[-0.07,-0.05],[-0.24,-0.23],[0,-0.33]],"v":[[-4.88,-0.878],[-4.69,-1.038],[-4.48,-1.158],[-4.24,-1.228],[-3.76,-1.228],[-3.52,-1.158],[-3.31,-1.038],[-3.12,-0.878],[-2.75,0.002],[-3.12,0.882],[-3.31,1.042],[-3.52,1.152],[-3.76,1.222],[-4,1.252],[-4.24,1.222],[-4.48,1.152],[-4.69,1.042],[-4.88,0.882],[-5.25,0.002]],"c":true},"ix":2},"nm":"Path 1","mn":"ADBE Vector Shape - Group","hd":false},{"ind":1,"ty":"sh","ix":2,"ks":{"a":0,"k":{"i":[[0,-0.33],[0.24,-0.23],[0.07,-0.05],[0.07,-0.03],[0.08,-0.01],[0.08,0],[0.08,0.02],[0.08,0.03],[0.06,0.04],[0.05,0.06],[0,0.33],[-0.24,0.24],[-0.07,0.04],[-0.07,0.04],[-0.08,0.02],[-0.16,-0.03],[-0.08,-0.03],[-0.06,-0.05],[-0.05,-0.05]],"o":[[0,0.33],[-0.05,0.06],[-0.06,0.04],[-0.08,0.03],[-0.08,0.02],[-0.08,0],[-0.08,-0.01],[-0.07,-0.03],[-0.07,-0.05],[-0.24,-0.23],[0,-0.33],[0.05,-0.05],[0.06,-0.05],[0.08,-0.03],[0.16,-0.03],[0.08,0.02],[0.07,0.04],[0.07,0.04],[0.24,0.24]],"v":[[1.25,0.002],[0.88,0.882],[0.69,1.042],[0.48,1.152],[0.24,1.222],[0,1.252],[-0.24,1.222],[-0.48,1.152],[-0.69,1.042],[-0.88,0.882],[-1.25,0.002],[-0.88,-0.888],[-0.69,-1.038],[-0.48,-1.158],[-0.24,-1.228],[0.24,-1.228],[0.48,-1.158],[0.69,-1.038],[0.88,-0.888]],"c":true},"ix":2},"nm":"Path 2","mn":"ADBE Vector Shape - Group","hd":false},{"ind":2,"ty":"sh","ix":3,"ks":{"a":0,"k":{"i":[[0.01,-0.08],[0.04,-0.08],[0.04,-0.07],[0.06,-0.06],[0.07,-0.05],[0.07,-0.03],[0.08,-0.01],[0.08,0],[0.23,0.23],[0.05,0.07],[0.03,0.07],[0.02,0.08],[0,0.08],[-0.24,0.24],[-0.07,0.04],[-0.07,0.03],[-0.08,0.02],[-0.28,-0.29],[0,-0.33]],"o":[[-0.02,0.08],[-0.03,0.07],[-0.05,0.07],[-0.05,0.06],[-0.06,0.04],[-0.08,0.03],[-0.08,0.02],[-0.33,0],[-0.06,-0.06],[-0.04,-0.07],[-0.04,-0.08],[-0.01,-0.08],[0,-0.33],[0.05,-0.05],[0.06,-0.05],[0.08,-0.03],[0.4,-0.08],[0.24,0.24],[0,0.08]],"v":[[5.23,0.242],[5.15,0.482],[5.04,0.692],[4.88,0.882],[4.69,1.042],[4.48,1.152],[4.24,1.222],[4,1.252],[3.12,0.882],[2.96,0.692],[2.85,0.482],[2.77,0.242],[2.75,0.002],[3.12,-0.888],[3.31,-1.038],[3.52,-1.158],[3.76,-1.228],[4.88,-0.888],[5.25,0.002]],"c":true},"ix":2},"nm":"Path 3","mn":"ADBE Vector Shape - Group","hd":false},{"ind":3,"ty":"sh","ix":4,"ks":{"a":0,"k":{"i":[[3.72,0],[0,0],[0,-3.72],[0,0],[-0.41,0],[0,0],[0,3.72],[0,0]],"o":[[0,0],[-3.72,0],[0,0],[0,0.41],[0,0],[3.72,0],[0,0],[0,-3.72]],"v":[[3.25,-7.998],[-3.25,-7.998],[-10,-1.248],[-10,7.252],[-9.25,8.002],[3.25,8.002],[10,1.252],[10,-1.248]],"c":true},"ix":2},"nm":"Path 4","mn":"ADBE Vector Shape - Group","hd":false},{"ty":"fl","c":{"a":0,"k":[0.070588235294,0.074509803922,0.192156862745,1],"ix":4,"x":"var $bm_rt;\n$bm_rt = comp('47-chat-solid').layer('Color & Stroke Change').effect('Primary')('Color');"},"o":{"a":0,"k":100,"ix":5},"r":1,"bm":0,"nm":"Fill 1","mn":"ADBE Vector Graphic - Fill","hd":false},{"ty":"tr","p":{"a":0,"k":[0,0],"ix":2},"a":{"a":0,"k":[0,0],"ix":1},"s":{"a":0,"k":[100,100],"ix":3},"r":{"a":0,"k":0,"ix":6},"o":{"a":0,"k":100,"ix":7},"sk":{"a":0,"k":0,"ix":4},"sa":{"a":0,"k":0,"ix":5},"nm":"Transform"}],"nm":"Group 1","np":5,"cix":2,"bm":0,"ix":1,"mn":"ADBE Vector Group","hd":false}],"ip":60,"op":300,"st":0,"bm":0},{"ddd":0,"ind":2,"ty":4,"nm":".primary.design","cl":"primary design","sr":1,"ks":{"o":{"a":0,"k":100,"ix":11},"r":{"a":0,"k":0,"ix":10},"p":{"a":0,"k":[250,250,0],"ix":2},"a":{"a":0,"k":[0,0,0],"ix":1},"s":{"a":0,"k":[2083,2083,100],"ix":6}},"ao":0,"shapes":[{"ty":"gr","it":[{"ind":0,"ty":"sh","ix":1,"ks":{"a":0,"k":{"i":[[-0.24,0.23],[-0.07,0.04],[-0.07,0.04],[-0.08,0.02],[-0.16,-0.03],[-0.08,-0.03],[-0.06,-0.05],[-0.05,-0.06],[0,-0.33],[0.24,-0.23],[0.07,-0.05],[0.07,-0.03],[0.08,-0.01],[0.08,0],[0.08,0.02],[0.08,0.03],[0.06,0.04],[0.05,0.06],[0,0.32]],"o":[[0.05,-0.06],[0.06,-0.05],[0.08,-0.03],[0.16,-0.03],[0.08,0.02],[0.07,0.04],[0.07,0.04],[0.24,0.23],[0,0.32],[-0.05,0.06],[-0.06,0.04],[-0.08,0.03],[-0.08,0.02],[-0.08,0],[-0.08,-0.01],[-0.07,-0.03],[-0.07,-0.05],[-0.24,-0.23],[0,-0.33]],"v":[[-4.88,-0.878],[-4.69,-1.038],[-4.48,-1.158],[-4.24,-1.228],[-3.76,-1.228],[-3.52,-1.158],[-3.31,-1.038],[-3.12,-0.878],[-2.75,0.002],[-3.12,0.882],[-3.31,1.042],[-3.52,1.152],[-3.76,1.222],[-4,1.252],[-4.24,1.222],[-4.48,1.152],[-4.69,1.042],[-4.88,0.882],[-5.25,0.002]],"c":true},"ix":2},"nm":"Path 1","mn":"ADBE Vector Shape - Group","hd":false},{"ind":1,"ty":"sh","ix":2,"ks":{"a":0,"k":{"i":[[0,-0.33],[0.24,-0.23],[0.07,-0.05],[0.07,-0.03],[0.08,-0.01],[0.08,0],[0.08,0.02],[0.08,0.03],[0.06,0.04],[0.05,0.06],[0,0.33],[-0.24,0.24],[-0.07,0.04],[-0.07,0.04],[-0.08,0.02],[-0.16,-0.03],[-0.08,-0.03],[-0.06,-0.05],[-0.05,-0.05]],"o":[[0,0.33],[-0.05,0.06],[-0.06,0.04],[-0.08,0.03],[-0.08,0.02],[-0.08,0],[-0.08,-0.01],[-0.07,-0.03],[-0.07,-0.05],[-0.24,-0.23],[0,-0.33],[0.05,-0.05],[0.06,-0.05],[0.08,-0.03],[0.16,-0.03],[0.08,0.02],[0.07,0.04],[0.07,0.04],[0.24,0.24]],"v":[[1.25,0.002],[0.88,0.882],[0.69,1.042],[0.48,1.152],[0.24,1.222],[0,1.252],[-0.24,1.222],[-0.48,1.152],[-0.69,1.042],[-0.88,0.882],[-1.25,0.002],[-0.88,-0.888],[-0.69,-1.038],[-0.48,-1.158],[-0.24,-1.228],[0.24,-1.228],[0.48,-1.158],[0.69,-1.038],[0.88,-0.888]],"c":true},"ix":2},"nm":"Path 2","mn":"ADBE Vector Shape - Group","hd":false},{"ind":2,"ty":"sh","ix":3,"ks":{"a":0,"k":{"i":[[0.01,-0.08],[0.04,-0.08],[0.04,-0.07],[0.06,-0.06],[0.07,-0.05],[0.07,-0.03],[0.08,-0.01],[0.08,0],[0.23,0.23],[0.05,0.07],[0.03,0.07],[0.02,0.08],[0,0.08],[-0.24,0.24],[-0.07,0.04],[-0.07,0.03],[-0.08,0.02],[-0.28,-0.29],[0,-0.33]],"o":[[-0.02,0.08],[-0.03,0.07],[-0.05,0.07],[-0.05,0.06],[-0.06,0.04],[-0.08,0.03],[-0.08,0.02],[-0.33,0],[-0.06,-0.06],[-0.04,-0.07],[-0.04,-0.08],[-0.01,-0.08],[0,-0.33],[0.05,-0.05],[0.06,-0.05],[0.08,-0.03],[0.4,-0.08],[0.24,0.24],[0,0.08]],"v":[[5.23,0.242],[5.15,0.482],[5.04,0.692],[4.88,0.882],[4.69,1.042],[4.48,1.152],[4.24,1.222],[4,1.252],[3.12,0.882],[2.96,0.692],[2.85,0.482],[2.77,0.242],[2.75,0.002],[3.12,-0.888],[3.31,-1.038],[3.52,-1.158],[3.76,-1.228],[4.88,-0.888],[5.25,0.002]],"c":true},"ix":2},"nm":"Path 3","mn":"ADBE Vector Shape - Group","hd":false},{"ind":3,"ty":"sh","ix":4,"ks":{"a":0,"k":{"i":[[3.72,0],[0,0],[0,-3.72],[0,0],[-0.41,0],[0,0],[0,3.72],[0,0]],"o":[[0,0],[-3.72,0],[0,0],[0,0.41],[0,0],[3.72,0],[0,0],[0,-3.72]],"v":[[3.25,-7.998],[-3.25,-7.998],[-10,-1.248],[-10,7.252],[-9.25,8.002],[3.25,8.002],[10,1.252],[10,-1.248]],"c":true},"ix":2},"nm":"Path 4","mn":"ADBE Vector Shape - Group","hd":false},{"ty":"fl","c":{"a":0,"k":[0.070588235294,0.074509803922,0.192156862745,1],"ix":4,"x":"var $bm_rt;\n$bm_rt = comp('47-chat-solid').layer('Color & Stroke Change').effect('Primary')('Color');"},"o":{"a":0,"k":100,"ix":5},"r":1,"bm":0,"nm":"Fill 1","mn":"ADBE Vector Graphic - Fill","hd":false},{"ty":"tr","p":{"a":0,"k":[0,0],"ix":2},"a":{"a":0,"k":[0,0],"ix":1},"s":{"a":0,"k":[100,100],"ix":3},"r":{"a":0,"k":0,"ix":6},"o":{"a":0,"k":100,"ix":7},"sk":{"a":0,"k":0,"ix":4},"sa":{"a":0,"k":0,"ix":5},"nm":"Transform"}],"nm":"Group 1","np":5,"cix":2,"bm":0,"ix":1,"mn":"ADBE Vector Group","hd":false}],"ip":0,"op":1,"st":0,"bm":0},{"ddd":0,"ind":3,"ty":0,"nm":"mask","parent":5,"td":1,"refId":"comp_0","sr":1,"ks":{"o":{"a":0,"k":100,"ix":11},"r":{"a":0,"k":0,"ix":10},"p":{"a":0,"k":[0.003,0,0],"ix":2},"a":{"a":0,"k":[250,250,0],"ix":1},"s":{"a":0,"k":[100,100,100],"ix":6}},"ao":0,"w":500,"h":500,"ip":1,"op":60,"st":1,"bm":0},{"ddd":0,"ind":4,"ty":4,"nm":".primary.design","cl":"primary design","parent":5,"tt":2,"sr":1,"ks":{"o":{"a":0,"k":100,"ix":11},"r":{"a":0,"k":0,"ix":10},"p":{"a":0,"k":[0.003,0,0],"ix":2},"a":{"a":0,"k":[0,0,0],"ix":1},"s":{"a":0,"k":[2083,2083,100],"ix":6}},"ao":0,"shapes":[{"ty":"gr","it":[{"ind":0,"ty":"sh","ix":1,"ks":{"a":0,"k":{"i":[[3.72,0],[0,0],[0,-3.72],[0,0],[-0.41,0],[0,0],[0,3.72],[0,0]],"o":[[0,0],[-3.72,0],[0,0],[0,0.41],[0,0],[3.72,0],[0,0],[0,-3.72]],"v":[[3.25,-7.998],[-3.25,-7.998],[-10,-1.248],[-10,7.252],[-9.25,8.002],[3.25,8.002],[10,1.252],[10,-1.248]],"c":true},"ix":2},"nm":"Path 4","mn":"ADBE Vector Shape - Group","hd":false},{"ty":"fl","c":{"a":0,"k":[0.070588235294,0.074509803922,0.192156862745,1],"ix":4,"x":"var $bm_rt;\n$bm_rt = comp('47-chat-solid').layer('Color & Stroke Change').effect('Primary')('Color');"},"o":{"a":0,"k":100,"ix":5},"r":1,"bm":0,"nm":"Fill 1","mn":"ADBE Vector Graphic - Fill","hd":false},{"ty":"tr","p":{"a":0,"k":[0,0],"ix":2},"a":{"a":0,"k":[0,0],"ix":1},"s":{"a":0,"k":[100,100],"ix":3},"r":{"a":0,"k":0,"ix":6},"o":{"a":0,"k":100,"ix":7},"sk":{"a":0,"k":0,"ix":4},"sa":{"a":0,"k":0,"ix":5},"nm":"Transform"}],"nm":"Group 1","np":2,"cix":2,"bm":0,"ix":1,"mn":"ADBE Vector Group","hd":false}],"ip":1,"op":60,"st":0,"bm":0},{"ddd":0,"ind":5,"ty":4,"nm":".primary.design","cl":"primary design","sr":1,"ks":{"o":{"a":0,"k":0,"ix":11},"r":{"a":1,"k":[{"i":{"x":[0.667],"y":[1]},"o":{"x":[0.333],"y":[0]},"t":1,"s":[0]},{"i":{"x":[0.21],"y":[1]},"o":{"x":[0.333],"y":[0]},"t":10,"s":[13]},{"i":{"x":[0.556],"y":[1]},"o":{"x":[0.303],"y":[0]},"t":32,"s":[-12]},{"i":{"x":[0.467],"y":[1]},"o":{"x":[0.446],"y":[0]},"t":47,"s":[13]},{"t":60,"s":[0]}],"ix":10},"p":{"a":1,"k":[{"i":{"x":0.667,"y":1},"o":{"x":0.333,"y":0},"t":1,"s":[57.288,401.04,0],"to":[0,0,0],"ti":[0,0,0]},{"i":{"x":0.21,"y":1},"o":{"x":0.333,"y":0},"t":8,"s":[57.288,419.04,0],"to":[0,0,0],"ti":[0,0,0]},{"i":{"x":0.591,"y":1},"o":{"x":0.303,"y":0},"t":23,"s":[57.288,360.04,0],"to":[0,0,0],"ti":[0,0,0]},{"i":{"x":0.467,"y":1},"o":{"x":0.446,"y":0},"t":45,"s":[57.288,412.04,0],"to":[0,0,0],"ti":[0,0,0]},{"t":58,"s":[57.288,401.04,0]}],"ix":2},"a":{"a":0,"k":[-192.709,151.04,0],"ix":1},"s":{"a":0,"k":[100,100,100],"ix":6}},"ao":0,"shapes":[{"ty":"gr","it":[{"ind":0,"ty":"sh","ix":1,"ks":{"a":0,"k":{"i":[[69.036,0],[0,0],[0,-69.036],[0,0],[0,0],[0,69.036],[0,0]],"o":[[0,0],[-69.034,0],[0,0],[0,0],[69.036,0],[0,0],[0,-69.036]],"v":[[67.709,-151.04],[-67.709,-151.04],[-192.709,-26.039],[-192.709,151.04],[67.709,151.04],[192.709,26.039],[192.709,-26.039]],"c":true},"ix":2},"nm":"Path 1","mn":"ADBE Vector Shape - Group","hd":false},{"ty":"st","c":{"a":0,"k":[0.070588235294,0.074509803922,0.192156862745,1],"ix":3,"x":"var $bm_rt;\n$bm_rt = comp('47-chat-solid').layer('Color & Stroke Change').effect('Primary')('Color');"},"o":{"a":0,"k":100,"ix":4},"w":{"a":0,"k":31.3,"ix":5},"lc":2,"lj":2,"bm":0,"nm":"Stroke 1","mn":"ADBE Vector Graphic - Stroke","hd":false},{"ty":"tr","p":{"a":0,"k":[0,0],"ix":2},"a":{"a":0,"k":[0,0],"ix":1},"s":{"a":0,"k":[100,100],"ix":3},"r":{"a":0,"k":0,"ix":6},"o":{"a":0,"k":100,"ix":7},"sk":{"a":0,"k":0,"ix":4},"sa":{"a":0,"k":0,"ix":5},"nm":"Transform"}],"nm":"Group 1","np":2,"cix":2,"bm":0,"ix":1,"mn":"ADBE Vector Group","hd":false}],"ip":1,"op":60,"st":0,"bm":0}],"markers":[]}