{"v":"4.8.0","meta":{"g":"LottieFiles AE 2.0.4","a":"","k":"","d":"","tc":""},"fr":60,"ip":0,"op":61,"w":500,"h":500,"nm":"morph-home-3","ddd":0,"assets":[],"layers":[{"ddd":0,"ind":1,"ty":4,"nm":".primary.design","cl":"primary design","sr":1,"ks":{"o":{"a":0,"k":0,"ix":11},"r":{"a":0,"k":0,"ix":10},"p":{"a":1,"k":[{"i":{"x":0.083,"y":1},"o":{"x":0.167,"y":0.167},"t":10,"s":[249.84,30.631,0],"to":[0,0,0],"ti":[0,0,0]},{"i":{"x":0.314,"y":1},"o":{"x":0.333,"y":0},"t":38,"s":[249.84,381.631,0],"to":[0,0,0],"ti":[0,0,0]},{"t":60,"s":[249.84,359.631,0]}],"ix":2},"a":{"a":0,"k":[-0.163,109.952,0],"ix":1},"s":{"a":0,"k":[100,100,100],"ix":6}},"ao":0,"shapes":[{"ty":"gr","it":[{"ind":0,"ty":"sh","ix":1,"ks":{"a":1,"k":[{"i":{"x":0.833,"y":0.833},"o":{"x":0.167,"y":0.167},"t":10,"s":[{"i":[[0,0],[0,0]],"o":[[0,0],[0,0]],"v":[[9.676,109.952],[-10.003,109.952]],"c":false}]},{"t":17,"s":[{"i":[[0,0],[0,0]],"o":[[0,0],[0,0]],"v":[[67.38,109.952],[-67.707,109.951]],"c":false}]}],"ix":2},"nm":"Path 1","mn":"ADBE Vector Shape - Group","hd":false},{"ty":"st","c":{"a":0,"k":[0.070588235294,0.074509803922,0.192156862745,1],"ix":3,"x":"var $bm_rt;\n$bm_rt = comp('41-home-solid').layer('Color & Stroke Change').effect('Primary')('Color');"},"o":{"a":0,"k":100,"ix":4},"w":{"a":0,"k":31.3,"ix":5},"lc":2,"lj":2,"bm":0,"nm":"Stroke 1","mn":"ADBE Vector Graphic - Stroke","hd":false},{"ty":"tr","p":{"a":0,"k":[0,0],"ix":2},"a":{"a":0,"k":[0,0],"ix":1},"s":{"a":0,"k":[100,100],"ix":3},"r":{"a":0,"k":0,"ix":6},"o":{"a":0,"k":100,"ix":7},"sk":{"a":0,"k":0,"ix":4},"sa":{"a":0,"k":0,"ix":5},"nm":"Transform"}],"nm":"Group 1","np":2,"cix":2,"bm":0,"ix":1,"mn":"ADBE Vector Group","hd":false}],"ip":10,"op":60,"st":0,"bm":0},{"ddd":0,"ind":2,"ty":4,"nm":".primary.design","cl":"primary design","parent":1,"td":1,"sr":1,"ks":{"o":{"a":0,"k":100,"ix":11},"r":{"a":0,"k":0,"ix":10},"p":{"a":0,"k":[-0.245,109.826,0],"ix":2},"a":{"a":0,"k":[0,0,0],"ix":1},"s":{"a":0,"k":[100,100,100],"ix":6}},"ao":0,"shapes":[{"ty":"gr","it":[{"ind":0,"ty":"sh","ix":1,"ks":{"a":0,"k":{"i":[[8.626,0],[0,0],[0,8.626],[-8.626,0],[0,0],[0,-8.626]],"o":[[0,0],[-8.626,0],[0,-8.626],[0,0],[8.626,0],[0,8.626]],"v":[[67.947,15.625],[-67.947,15.625],[-83.572,0],[-67.947,-15.625],[67.947,-15.625],[83.572,0]],"c":true},"ix":2},"nm":"Path 1","mn":"ADBE Vector Shape - Group","hd":false},{"ty":"fl","c":{"a":0,"k":[0.070588235294,0.074509803922,0.192156862745,1],"ix":4,"x":"var $bm_rt;\n$bm_rt = comp('41-home-solid').layer('Color & Stroke Change').effect('Primary')('Color');"},"o":{"a":0,"k":100,"ix":5},"r":1,"bm":0,"nm":"Fill 1","mn":"ADBE Vector Graphic - Fill","hd":false},{"ty":"tr","p":{"a":0,"k":[0,0],"ix":2},"a":{"a":0,"k":[0,0],"ix":1},"s":{"a":0,"k":[100,100],"ix":3},"r":{"a":0,"k":0,"ix":6},"o":{"a":0,"k":100,"ix":7},"sk":{"a":0,"k":0,"ix":4},"sa":{"a":0,"k":0,"ix":5},"nm":"Transform"}],"nm":"Group 1","np":2,"cix":2,"bm":0,"ix":1,"mn":"ADBE Vector Group","hd":false}],"ip":10,"op":300,"st":0,"bm":0},{"ddd":0,"ind":3,"ty":4,"nm":".primary.design","cl":"primary design","tt":2,"sr":1,"ks":{"o":{"a":0,"k":100,"ix":11},"r":{"a":0,"k":0,"ix":10},"p":{"a":0,"k":[249.998,250.021,0],"ix":2},"a":{"a":0,"k":[0,0,0],"ix":1},"s":{"a":0,"k":[2083,2083,100],"ix":6}},"ao":0,"shapes":[{"ty":"gr","it":[{"ind":0,"ty":"sh","ix":1,"ks":{"a":1,"k":[{"i":{"x":0.242,"y":1},"o":{"x":0.333,"y":0},"t":0,"s":[{"i":[[0.537,0.374],[0,0],[0.684,-0.476],[0,0],[0,-0.654],[0,0],[-1.103,0],[0,0],[0,1.654],[0,0],[0,0],[0,0],[-1.654,0],[0,0],[0,1.103],[0,0]],"o":[[0,0],[-0.684,-0.476],[0,0],[-0.537,0.374],[0,0],[0,1.103],[0,0],[1.654,0],[0,0],[0,0],[0,0],[0,1.654],[0,0],[1.103,0],[0,0],[0,-0.654]],"v":[[8.143,-3.771],[1.143,-8.642],[-1.143,-8.642],[-8.143,-3.771],[-9,-2.129],[-9,6.999],[-7,8.999],[-5.015,8.999],[-2.015,5.999],[-2.016,1.997],[2.015,1.997],[2.016,5.999],[5.016,8.999],[7,8.999],[9,6.999],[9,-2.129]],"c":true}]},{"t":30,"s":[{"i":[[0.537,0.374],[0,0],[0.684,-0.476],[0,0],[0,-0.654],[0,0],[-1.103,0],[0,0],[-1.705,0],[0,0],[0,0],[0,0],[-1.654,0],[0,0],[0,1.103],[0,0]],"o":[[0,0],[-0.684,-0.476],[0,0],[-0.537,0.374],[0,0],[0,1.103],[0,0],[1.654,0],[0,0],[0,0],[0,0],[1.394,0],[0,0],[1.103,0],[0,0],[0,-0.654]],"v":[[8.143,-3.771],[1.143,-8.642],[-1.143,-8.642],[-8.143,-3.771],[-9,-2.129],[-9,6.999],[-7,8.999],[-6.455,8.999],[-3.576,9],[-2.016,8.976],[2.015,8.976],[3.575,9],[6.456,8.999],[7,8.999],[9,6.999],[9,-2.129]],"c":true}]}],"ix":2},"nm":"Path 1","mn":"ADBE Vector Shape - Group","hd":false},{"ty":"fl","c":{"a":0,"k":[0.070588235294,0.074509803922,0.192156862745,1],"ix":4,"x":"var $bm_rt;\n$bm_rt = comp('41-home-solid').layer('Color & Stroke Change').effect('Primary')('Color');"},"o":{"a":0,"k":100,"ix":5},"r":1,"bm":0,"nm":"Fill 1","mn":"ADBE Vector Graphic - Fill","hd":false},{"ty":"tr","p":{"a":0,"k":[0,0],"ix":2},"a":{"a":0,"k":[0,0],"ix":1},"s":{"a":0,"k":[100,100],"ix":3},"r":{"a":0,"k":0,"ix":6},"o":{"a":0,"k":100,"ix":7},"sk":{"a":0,"k":0,"ix":4},"sa":{"a":0,"k":0,"ix":5},"nm":"Transform"}],"nm":"Group 1","np":2,"cix":2,"bm":0,"ix":1,"mn":"ADBE Vector Group","hd":false}],"ip":0,"op":300,"st":0,"bm":0}],"markers":[]}