{"v":"4.8.0","meta":{"g":"LottieFiles AE 2.0.4","a":"","k":"","d":"","tc":""},"fr":60,"ip":0,"op":91,"w":500,"h":500,"nm":"hover-bell","ddd":0,"assets":[],"layers":[{"ddd":0,"ind":1,"ty":4,"nm":".primary.design","cl":"primary design","parent":4,"sr":1,"ks":{"o":{"a":0,"k":100,"ix":11},"r":{"a":0,"k":0,"ix":10},"p":{"a":0,"k":[249.996,248.722,0],"ix":2},"a":{"a":0,"k":[250,249.939,0],"ix":1},"s":{"a":0,"k":[2083,2083,100],"ix":6}},"ao":0,"shapes":[{"ty":"gr","it":[{"ind":0,"ty":"sh","ix":1,"ks":{"a":0,"k":{"i":[[0,0],[0,0],[0,0],[0,0],[-1.53,0],[-0.33,1.43],[0,0]],"o":[[0,0],[0,0],[0,0],[0.33,1.43],[1.53,0],[0,0],[0,0]],"v":[[1,-1.25],[-1,-1.25],[-2.12,-1.25],[-3.15,-1.25],[0,1.25],[3.15,-1.25],[2.12,-1.25]],"c":true},"ix":2},"nm":"Path 1","mn":"ADBE Vector Shape - Group","hd":false},{"ty":"fl","c":{"a":0,"k":[0.070588235294,0.074509803922,0.192156862745,1],"ix":4,"x":"var $bm_rt;\n$bm_rt = comp('46-notification-bell-solid').layer('Color & Stroke Change').effect('Primary')('Color');"},"o":{"a":0,"k":100,"ix":5},"r":1,"bm":0,"nm":"Fill 1","mn":"ADBE Vector Graphic - Fill","hd":false},{"ty":"tr","p":{"a":0,"k":[250,258.752],"ix":2},"a":{"a":0,"k":[0,0],"ix":1},"s":{"a":0,"k":[100,100],"ix":3},"r":{"a":0,"k":0,"ix":6},"o":{"a":0,"k":100,"ix":7},"sk":{"a":0,"k":0,"ix":4},"sa":{"a":0,"k":0,"ix":5},"nm":"Transform"}],"nm":"Group 1","np":2,"cix":2,"bm":0,"ix":1,"mn":"ADBE Vector Group","hd":false},{"ty":"gr","it":[{"ind":0,"ty":"sh","ix":1,"ks":{"a":0,"k":{"i":[[0.16,0.31],[0,0],[0,0.15],[0,0],[2.87,0.47],[0,0],[0.553,0],[0,-0.552],[0,0],[0,-2.99],[0,0],[0.07,-0.12],[0,0],[-0.18,-0.29],[-0.35,0],[0,0],[0,0],[0,0],[0,0],[0,0],[0,0],[0,0],[-0.18,0.3]],"o":[[0,0],[-0.07,-0.12],[0,0],[0,-2.99],[0,0],[0,-0.552],[-0.553,0],[0,0],[-2.87,0.47],[0,0],[0,0.15],[0,0],[-0.16,0.31],[0.18,0.3],[0,0],[0,0],[0,0],[0,0],[0,0],[0,0],[0,0],[0.35,0],[0.18,-0.29]],"v":[[7.89,6.613],[6.17,3.173],[6.07,2.764],[6.07,0.103],[1,-5.846],[1,-7.064],[0,-8.064],[-1,-7.064],[-1,-5.846],[-6.07,0.103],[-6.07,2.764],[-6.17,3.173],[-7.89,6.613],[-7.85,7.584],[-7,8.064],[-3.25,8.064],[-2.25,8.064],[-1.25,8.064],[1.25,8.064],[2.25,8.064],[3.25,8.064],[7,8.064],[7.85,7.584]],"c":true},"ix":2},"nm":"Path 1","mn":"ADBE Vector Shape - Group","hd":false},{"ty":"fl","c":{"a":0,"k":[0.070588235294,0.074509803922,0.192156862745,1],"ix":4,"x":"var $bm_rt;\n$bm_rt = comp('46-notification-bell-solid').layer('Color & Stroke Change').effect('Primary')('Color');"},"o":{"a":0,"k":100,"ix":5},"r":1,"bm":0,"nm":"Fill 1","mn":"ADBE Vector Graphic - Fill","hd":false},{"ty":"tr","p":{"a":0,"k":[250,247.939],"ix":2},"a":{"a":0,"k":[0,0],"ix":1},"s":{"a":0,"k":[100,100],"ix":3},"r":{"a":0,"k":0,"ix":6},"o":{"a":0,"k":100,"ix":7},"sk":{"a":0,"k":0,"ix":4},"sa":{"a":0,"k":0,"ix":5},"nm":"Transform"}],"nm":"Group 2","np":2,"cix":2,"bm":0,"ix":2,"mn":"ADBE Vector Group","hd":false}],"ip":0,"op":1,"st":-180,"bm":0},{"ddd":0,"ind":2,"ty":4,"nm":".primary.design","cl":"primary design","parent":4,"sr":1,"ks":{"o":{"a":0,"k":100,"ix":11},"r":{"a":0,"k":0,"ix":10},"p":{"a":0,"k":[249.996,248.722,0],"ix":2},"a":{"a":0,"k":[250,249.939,0],"ix":1},"s":{"a":0,"k":[2083,2083,100],"ix":6}},"ao":0,"shapes":[{"ty":"gr","it":[{"ind":0,"ty":"sh","ix":1,"ks":{"a":0,"k":{"i":[[0,0],[0,0],[0,0],[0,0],[-1.53,0],[-0.33,1.43],[0,0]],"o":[[0,0],[0,0],[0,0],[0.33,1.43],[1.53,0],[0,0],[0,0]],"v":[[1,-1.25],[-1,-1.25],[-2.12,-1.25],[-3.15,-1.25],[0,1.25],[3.15,-1.25],[2.12,-1.25]],"c":true},"ix":2},"nm":"Path 1","mn":"ADBE Vector Shape - Group","hd":false},{"ty":"fl","c":{"a":0,"k":[0.070588235294,0.074509803922,0.192156862745,1],"ix":4,"x":"var $bm_rt;\n$bm_rt = comp('46-notification-bell-solid').layer('Color & Stroke Change').effect('Primary')('Color');"},"o":{"a":0,"k":100,"ix":5},"r":1,"bm":0,"nm":"Fill 1","mn":"ADBE Vector Graphic - Fill","hd":false},{"ty":"tr","p":{"a":0,"k":[250,258.752],"ix":2},"a":{"a":0,"k":[0,0],"ix":1},"s":{"a":0,"k":[100,100],"ix":3},"r":{"a":0,"k":0,"ix":6},"o":{"a":0,"k":100,"ix":7},"sk":{"a":0,"k":0,"ix":4},"sa":{"a":0,"k":0,"ix":5},"nm":"Transform"}],"nm":"Group 1","np":2,"cix":2,"bm":0,"ix":1,"mn":"ADBE Vector Group","hd":false},{"ty":"gr","it":[{"ind":0,"ty":"sh","ix":1,"ks":{"a":0,"k":{"i":[[0.16,0.31],[0,0],[0,0.15],[0,0],[2.87,0.47],[0,0],[0.553,0],[0,-0.552],[0,0],[0,-2.99],[0,0],[0.07,-0.12],[0,0],[-0.18,-0.29],[-0.35,0],[0,0],[0,0],[0,0],[0,0],[0,0],[0,0],[0,0],[-0.18,0.3]],"o":[[0,0],[-0.07,-0.12],[0,0],[0,-2.99],[0,0],[0,-0.552],[-0.553,0],[0,0],[-2.87,0.47],[0,0],[0,0.15],[0,0],[-0.16,0.31],[0.18,0.3],[0,0],[0,0],[0,0],[0,0],[0,0],[0,0],[0,0],[0.35,0],[0.18,-0.29]],"v":[[7.89,6.613],[6.17,3.173],[6.07,2.764],[6.07,0.103],[1,-5.846],[1,-7.064],[0,-8.064],[-1,-7.064],[-1,-5.846],[-6.07,0.103],[-6.07,2.764],[-6.17,3.173],[-7.89,6.613],[-7.85,7.584],[-7,8.064],[-3.25,8.064],[-2.25,8.064],[-1.25,8.064],[1.25,8.064],[2.25,8.064],[3.25,8.064],[7,8.064],[7.85,7.584]],"c":true},"ix":2},"nm":"Path 1","mn":"ADBE Vector Shape - Group","hd":false},{"ty":"fl","c":{"a":0,"k":[0.070588235294,0.074509803922,0.192156862745,1],"ix":4,"x":"var $bm_rt;\n$bm_rt = comp('46-notification-bell-solid').layer('Color & Stroke Change').effect('Primary')('Color');"},"o":{"a":0,"k":100,"ix":5},"r":1,"bm":0,"nm":"Fill 1","mn":"ADBE Vector Graphic - Fill","hd":false},{"ty":"tr","p":{"a":0,"k":[250,247.939],"ix":2},"a":{"a":0,"k":[0,0],"ix":1},"s":{"a":0,"k":[100,100],"ix":3},"r":{"a":0,"k":0,"ix":6},"o":{"a":0,"k":100,"ix":7},"sk":{"a":0,"k":0,"ix":4},"sa":{"a":0,"k":0,"ix":5},"nm":"Transform"}],"nm":"Group 2","np":2,"cix":2,"bm":0,"ix":2,"mn":"ADBE Vector Group","hd":false}],"ip":90,"op":210,"st":-90,"bm":0},{"ddd":0,"ind":3,"ty":4,"nm":".primary.design","cl":"primary design","parent":4,"sr":1,"ks":{"o":{"a":0,"k":100,"ix":11},"r":{"a":0,"k":0,"ix":10},"p":{"a":0,"k":[249.996,248.722,0],"ix":2},"a":{"a":0,"k":[250,249.939,0],"ix":1},"s":{"a":0,"k":[2083,2083,100],"ix":6}},"ao":0,"shapes":[{"ty":"gr","it":[{"ind":0,"ty":"sh","ix":1,"ks":{"a":0,"k":{"i":[[0.16,0.31],[0,0],[0,0.15],[0,0],[2.87,0.47],[0,0],[0.553,0],[0,-0.552],[0,0],[0,-2.99],[0,0],[0.07,-0.12],[0,0],[-0.18,-0.29],[-0.35,0],[0,0],[0,0],[0,0],[0,0],[0,0],[0,0],[0,0],[-0.18,0.3]],"o":[[0,0],[-0.07,-0.12],[0,0],[0,-2.99],[0,0],[0,-0.552],[-0.553,0],[0,0],[-2.87,0.47],[0,0],[0,0.15],[0,0],[-0.16,0.31],[0.18,0.3],[0,0],[0,0],[0,0],[0,0],[0,0],[0,0],[0,0],[0.35,0],[0.18,-0.29]],"v":[[7.89,6.613],[6.17,3.173],[6.07,2.764],[6.07,0.103],[1,-5.846],[1,-7.064],[0,-8.064],[-1,-7.064],[-1,-5.846],[-6.07,0.103],[-6.07,2.764],[-6.17,3.173],[-7.89,6.613],[-7.85,7.584],[-7,8.064],[-3.25,8.064],[-2.25,8.064],[-1.25,8.064],[1.25,8.064],[2.25,8.064],[3.25,8.064],[7,8.064],[7.85,7.584]],"c":true},"ix":2},"nm":"Path 1","mn":"ADBE Vector Shape - Group","hd":false},{"ty":"fl","c":{"a":0,"k":[0.070588235294,0.074509803922,0.192156862745,1],"ix":4,"x":"var $bm_rt;\n$bm_rt = comp('46-notification-bell-solid').layer('Color & Stroke Change').effect('Primary')('Color');"},"o":{"a":0,"k":100,"ix":5},"r":1,"bm":0,"nm":"Fill 1","mn":"ADBE Vector Graphic - Fill","hd":false},{"ty":"tr","p":{"a":0,"k":[250,247.939],"ix":2},"a":{"a":0,"k":[0,0],"ix":1},"s":{"a":0,"k":[100,100],"ix":3},"r":{"a":0,"k":0,"ix":6},"o":{"a":0,"k":100,"ix":7},"sk":{"a":0,"k":0,"ix":4},"sa":{"a":0,"k":0,"ix":5},"nm":"Transform"}],"nm":"Group 2","np":2,"cix":2,"bm":0,"ix":1,"mn":"ADBE Vector Group","hd":false}],"ip":1,"op":90,"st":-90,"bm":0},{"ddd":0,"ind":4,"ty":4,"nm":".primary.design","cl":"primary design","sr":1,"ks":{"o":{"a":0,"k":0,"ix":11},"r":{"a":1,"k":[{"i":{"x":[0.231],"y":[1]},"o":{"x":[0.333],"y":[0]},"t":0,"s":[0]},{"i":{"x":[0.313],"y":[1]},"o":{"x":[0.333],"y":[0]},"t":7.041,"s":[5]},{"i":{"x":[0.667],"y":[1]},"o":{"x":[0.333],"y":[0]},"t":19,"s":[-53]},{"i":{"x":[0.667],"y":[1]},"o":{"x":[0.333],"y":[0]},"t":29,"s":[-20]},{"i":{"x":[0.667],"y":[1]},"o":{"x":[0.333],"y":[0]},"t":39,"s":[-62]},{"i":{"x":[0.667],"y":[1]},"o":{"x":[0.333],"y":[0]},"t":49,"s":[-20]},{"i":{"x":[0.667],"y":[1]},"o":{"x":[0.333],"y":[0]},"t":58,"s":[-62]},{"i":{"x":[0.283],"y":[1]},"o":{"x":[0.333],"y":[0]},"t":69.713,"s":[14]},{"t":79,"s":[0]}],"ix":10},"p":{"a":1,"k":[{"i":{"x":0.231,"y":1},"o":{"x":0.333,"y":0},"t":0,"s":[249.998,67.334,0],"to":[0,0,0],"ti":[0,0,0]},{"i":{"x":0.313,"y":1},"o":{"x":0.333,"y":0},"t":7.041,"s":[269.998,67.334,0],"to":[0,0,0],"ti":[0,0,0]},{"i":{"x":0.667,"y":1},"o":{"x":0.333,"y":0},"t":19,"s":[111.998,67.334,0],"to":[0,0,0],"ti":[0,0,0]},{"i":{"x":0.313,"y":1},"o":{"x":0.333,"y":0},"t":29,"s":[121.998,67.334,0],"to":[0,0,0],"ti":[0,0,0]},{"i":{"x":0.667,"y":1},"o":{"x":0.333,"y":0},"t":39,"s":[111.998,67.334,0],"to":[0,0,0],"ti":[0,0,0]},{"i":{"x":0.667,"y":1},"o":{"x":0.333,"y":0},"t":49,"s":[121.998,67.334,0],"to":[0,0,0],"ti":[0,0,0]},{"i":{"x":0.667,"y":1},"o":{"x":0.333,"y":0},"t":58,"s":[111.998,67.334,0],"to":[0,0,0],"ti":[0,0,0]},{"i":{"x":0.283,"y":1},"o":{"x":0.333,"y":0},"t":69.713,"s":[261.998,67.334,0],"to":[0,0,0],"ti":[0,0,0]},{"t":79,"s":[249.998,67.334,0]}],"ix":2},"a":{"a":0,"k":[249.998,67.334,0],"ix":1},"s":{"a":0,"k":[100,100,100],"ix":6}},"ao":0,"shapes":[{"ty":"gr","it":[{"ind":0,"ty":"sh","ix":1,"ks":{"a":0,"k":{"i":[[0,0],[0,6.468],[0,0],[60.406,0],[0,0],[0,-60.406],[0,0],[2.893,-5.786],[0,0],[0,0]],"o":[[-2.893,-5.786],[0,0],[0,-60.406],[0,0],[-60.406,0],[0,0],[0,6.468],[0,0],[0,0],[0,0]],"v":[[113.773,55.671],[109.375,37.038],[109.375,-20.834],[0.001,-130.21],[-0.001,-130.21],[-109.375,-20.834],[-109.375,37.038],[-113.773,55.671],[-151.042,130.21],[151.042,130.21]],"c":true},"ix":2},"nm":"Path 1","mn":"ADBE Vector Shape - Group","hd":false},{"ty":"st","c":{"a":0,"k":[0.070588235294,0.074509803922,0.192156862745,1],"ix":3,"x":"var $bm_rt;\n$bm_rt = comp('46-notification-bell-solid').layer('Color & Stroke Change').effect('Primary')('Color');"},"o":{"a":0,"k":100,"ix":4},"w":{"a":0,"k":31.3,"ix":5},"lc":2,"lj":2,"bm":0,"nm":"Stroke 1","mn":"ADBE Vector Graphic - Stroke","hd":false},{"ty":"tr","p":{"a":0,"k":[249.998,229.166],"ix":2},"a":{"a":0,"k":[0,0],"ix":1},"s":{"a":0,"k":[100,100],"ix":3},"r":{"a":0,"k":0,"ix":6},"o":{"a":0,"k":100,"ix":7},"sk":{"a":0,"k":0,"ix":4},"sa":{"a":0,"k":0,"ix":5},"nm":"Transform"}],"nm":"Group 1","np":2,"cix":2,"bm":0,"ix":1,"mn":"ADBE Vector Group","hd":false},{"ty":"gr","it":[{"ind":0,"ty":"sh","ix":1,"ks":{"a":0,"k":{"i":[[0,0],[0,0]],"o":[[0,0],[0,0]],"v":[[0,-20.832],[0,20.832]],"c":false},"ix":2},"nm":"Path 1","mn":"ADBE Vector Shape - Group","hd":false},{"ty":"st","c":{"a":0,"k":[0.070588235294,0.074509803922,0.192156862745,1],"ix":3,"x":"var $bm_rt;\n$bm_rt = comp('46-notification-bell-solid').layer('Color & Stroke Change').effect('Primary')('Color');"},"o":{"a":0,"k":100,"ix":4},"w":{"a":0,"k":31.3,"ix":5},"lc":2,"lj":2,"bm":0,"nm":"Stroke 1","mn":"ADBE Vector Graphic - Stroke","hd":false},{"ty":"tr","p":{"a":0,"k":[249.998,78.125],"ix":2},"a":{"a":0,"k":[0,0],"ix":1},"s":{"a":0,"k":[100,100],"ix":3},"r":{"a":0,"k":0,"ix":6},"o":{"a":0,"k":100,"ix":7},"sk":{"a":0,"k":0,"ix":4},"sa":{"a":0,"k":0,"ix":5},"nm":"Transform"}],"nm":"Group 2","np":2,"cix":2,"bm":0,"ix":2,"mn":"ADBE Vector Group","hd":false}],"ip":1,"op":90,"st":0,"bm":0},{"ddd":0,"ind":5,"ty":4,"nm":".primary.design","cl":"primary design","parent":4,"td":1,"sr":1,"ks":{"o":{"a":0,"k":100,"ix":11},"r":{"a":0,"k":0,"ix":10},"p":{"a":0,"k":[249.996,248.722,0],"ix":2},"a":{"a":0,"k":[250,249.939,0],"ix":1},"s":{"a":0,"k":[2083,2083,100],"ix":6}},"ao":0,"shapes":[{"ty":"gr","it":[{"ind":0,"ty":"sh","ix":1,"ks":{"a":0,"k":{"i":[[0.16,0.31],[0,0],[0,0.15],[0,0],[2.87,0.47],[0,0],[0.553,0],[0,-0.552],[0,0],[0,-2.99],[0,0],[0.07,-0.12],[0,0],[-0.18,-0.29],[-0.35,0],[0,0],[0,0],[0,0],[0,0],[0,0],[0,0],[0,0],[-0.18,0.3]],"o":[[0,0],[-0.07,-0.12],[0,0],[0,-2.99],[0,0],[0,-0.552],[-0.553,0],[0,0],[-2.87,0.47],[0,0],[0,0.15],[0,0],[-0.16,0.31],[0.18,0.3],[0,0],[0,0],[0,0],[0,0],[0,0],[0,0],[0,0],[0.35,0],[0.18,-0.29]],"v":[[7.89,6.613],[6.17,3.173],[6.07,2.764],[6.07,0.103],[1,-5.846],[1,-7.064],[0,-8.064],[-1,-7.064],[-1,-5.846],[-6.07,0.103],[-6.07,2.764],[-6.17,3.173],[-7.89,6.613],[-7.85,7.584],[-7,8.064],[-3.25,8.064],[-2.25,8.064],[-1.25,8.064],[1.25,8.064],[2.25,8.064],[3.25,8.064],[7,8.064],[7.85,7.584]],"c":true},"ix":2},"nm":"Path 1","mn":"ADBE Vector Shape - Group","hd":false},{"ty":"st","c":{"a":0,"k":[0.070588235294,0.074509803922,0.192156862745,1],"ix":3,"x":"var $bm_rt;\n$bm_rt = comp('46-notification-bell-solid').layer('Color & Stroke Change').effect('Primary')('Color');"},"o":{"a":0,"k":100,"ix":4},"w":{"a":0,"k":3,"ix":5},"lc":1,"lj":1,"ml":4,"bm":0,"nm":"Stroke 1","mn":"ADBE Vector Graphic - Stroke","hd":false},{"ty":"fl","c":{"a":0,"k":[0.070588235294,0.074509803922,0.192156862745,1],"ix":4,"x":"var $bm_rt;\n$bm_rt = comp('46-notification-bell-solid').layer('Color & Stroke Change').effect('Primary')('Color');"},"o":{"a":0,"k":100,"ix":5},"r":1,"bm":0,"nm":"Fill 1","mn":"ADBE Vector Graphic - Fill","hd":false},{"ty":"tr","p":{"a":0,"k":[250,247.939],"ix":2},"a":{"a":0,"k":[0,0],"ix":1},"s":{"a":0,"k":[100,100],"ix":3},"r":{"a":0,"k":0,"ix":6},"o":{"a":0,"k":100,"ix":7},"sk":{"a":0,"k":0,"ix":4},"sa":{"a":0,"k":0,"ix":5},"nm":"Transform"}],"nm":"Group 2","np":3,"cix":2,"bm":0,"ix":1,"mn":"ADBE Vector Group","hd":false}],"ip":1,"op":90,"st":-90,"bm":0},{"ddd":0,"ind":6,"ty":4,"nm":".primary.design","cl":"primary design","parent":4,"tt":2,"sr":1,"ks":{"o":{"a":0,"k":100,"ix":11},"r":{"a":1,"k":[{"i":{"x":[0.833],"y":[0.833]},"o":{"x":[0.167],"y":[0.167]},"t":0,"s":[0]},{"i":{"x":[0.833],"y":[0.833]},"o":{"x":[0.167],"y":[0.167]},"t":11,"s":[27]},{"i":{"x":[0.833],"y":[0.833]},"o":{"x":[0.167],"y":[0.167]},"t":24,"s":[-26]},{"i":{"x":[0.833],"y":[0.833]},"o":{"x":[0.167],"y":[0.167]},"t":32,"s":[29]},{"i":{"x":[0.833],"y":[0.833]},"o":{"x":[0.167],"y":[0.167]},"t":42,"s":[-28]},{"i":{"x":[0.833],"y":[0.833]},"o":{"x":[0.167],"y":[0.167]},"t":52,"s":[29]},{"i":{"x":[0.833],"y":[0.833]},"o":{"x":[0.167],"y":[0.167]},"t":61,"s":[-28]},{"i":{"x":[0.667],"y":[1]},"o":{"x":[0.167],"y":[0.167]},"t":73,"s":[29]},{"i":{"x":[0.667],"y":[1]},"o":{"x":[0.333],"y":[0]},"t":83,"s":[-6]},{"t":90,"s":[0]}],"ix":10},"p":{"a":0,"k":[249.998,182.041,0],"ix":2},"a":{"a":0,"k":[0,-219,0],"ix":1},"s":{"a":0,"k":[100,100,100],"ix":6}},"ao":0,"shapes":[{"ty":"gr","it":[{"ind":0,"ty":"sh","ix":1,"ks":{"a":0,"k":{"i":[[0,0],[0,0],[-35.772,0],[0,19.019],[0,0]],"o":[[0,0],[0,19.019],[38.05,0],[0,0],[0,0]],"v":[[-64.622,-150.459],[-64.792,6.19],[-0.048,57.459],[64.745,6.19],[64.915,-150.459]],"c":false},"ix":2},"nm":"Path 1","mn":"ADBE Vector Shape - Group","hd":false},{"ty":"fl","c":{"a":0,"k":[0.070588235294,0.074509803922,0.192156862745,1],"ix":4,"x":"var $bm_rt;\n$bm_rt = comp('46-notification-bell-solid').layer('Color & Stroke Change').effect('Primary')('Color');"},"o":{"a":0,"k":100,"ix":5},"r":1,"bm":0,"nm":"Fill 1","mn":"ADBE Vector Graphic - Fill","hd":false},{"ty":"tr","p":{"a":0,"k":[0,0],"ix":2},"a":{"a":0,"k":[0,0],"ix":1},"s":{"a":0,"k":[100,100],"ix":3},"r":{"a":0,"k":0,"ix":6},"o":{"a":0,"k":100,"ix":7},"sk":{"a":0,"k":0,"ix":4},"sa":{"a":0,"k":0,"ix":5},"nm":"Transform"}],"nm":"Group 1","np":2,"cix":2,"bm":0,"ix":1,"mn":"ADBE Vector Group","hd":false}],"ip":1,"op":90,"st":0,"bm":0}],"markers":[]}