{"v":"5.6.5","fr":30,"ip":0,"op":29,"w":1000,"h":500,"nm":"Render","ddd":0,"assets":[{"id":"comp_0","layers":[{"ddd":0,"ind":1,"ty":3,"nm":"Null 1","sr":1,"ks":{"o":{"a":0,"k":0,"ix":11},"r":{"a":0,"k":0,"ix":10},"p":{"a":0,"k":[540,996.5,0],"ix":2},"a":{"a":0,"k":[0,0,0],"ix":1},"s":{"a":0,"k":[100,100,100],"ix":6}},"ao":0,"ip":0,"op":900,"st":0,"bm":0},{"ddd":0,"ind":2,"ty":4,"nm":"Shape Layer 5","parent":1,"sr":1,"ks":{"o":{"a":0,"k":100,"ix":11},"r":{"a":0,"k":0,"ix":10},"p":{"a":1,"k":[{"i":{"x":0.667,"y":1},"o":{"x":0.333,"y":0},"t":7,"s":[368.593,-295.345,0],"to":[0,-5.833,0],"ti":[0,5.833,0]},{"t":12,"s":[368.593,-330.345,0]}],"ix":2},"a":{"a":0,"k":[-289.407,-298.135,0],"ix":1},"s":{"a":1,"k":[{"i":{"x":[0.667,0.667,0.667],"y":[1,1,1]},"o":{"x":[0.333,0.333,0.333],"y":[0,0,0]},"t":7,"s":[139,139,100]},{"t":12,"s":[0,0,100]}],"ix":6}},"ao":0,"shapes":[{"ty":"gr","it":[{"ind":0,"ty":"sh","ix":1,"ks":{"a":0,"k":{"i":[[6.125,1.085],[0.193,-5.796],[-5.173,0.698],[0.125,6.085]],"o":[[-5.954,-1.055],[-0.25,7.5],[4,-0.54],[-0.094,-4.555]],"v":[[-291,-309.625],[-296.25,-297.375],[-290.625,-286.625],[-286.75,-297.375]],"c":true},"ix":2},"nm":"Path 1","mn":"ADBE Vector Shape - Group","hd":false},{"ty":"fl","c":{"a":0,"k":[0.949019607843,0.949019607843,0.949019607843,1],"ix":4},"o":{"a":0,"k":100,"ix":5},"r":1,"bm":0,"nm":"Fill 1","mn":"ADBE Vector Graphic - Fill","hd":false},{"ty":"tr","p":{"a":0,"k":[0,0],"ix":2},"a":{"a":0,"k":[0,0],"ix":1},"s":{"a":0,"k":[100,100],"ix":3},"r":{"a":0,"k":0,"ix":6},"o":{"a":0,"k":100,"ix":7},"sk":{"a":0,"k":0,"ix":4},"sa":{"a":0,"k":0,"ix":5},"nm":"Transform"}],"nm":"Shape 1","np":3,"cix":2,"bm":0,"ix":1,"mn":"ADBE Vector Group","hd":false}],"ip":8,"op":901,"st":1,"bm":0},{"ddd":0,"ind":3,"ty":4,"nm":"Shape Layer 4","parent":1,"sr":1,"ks":{"o":{"a":0,"k":100,"ix":11},"r":{"a":0,"k":0,"ix":10},"p":{"a":1,"k":[{"i":{"x":0.667,"y":1},"o":{"x":0.333,"y":0},"t":7,"s":[80.218,-301.47,0],"to":[0,-5.833,0],"ti":[0,5.833,0]},{"t":12,"s":[80.218,-336.47,0]}],"ix":2},"a":{"a":0,"k":[-289.407,-298.135,0],"ix":1},"s":{"a":1,"k":[{"i":{"x":[0.667,0.667,0.667],"y":[1,1,1]},"o":{"x":[0.333,0.333,0.333],"y":[0,0,0]},"t":7,"s":[139,139,100]},{"t":12,"s":[0,0,100]}],"ix":6}},"ao":0,"shapes":[{"ty":"gr","it":[{"ind":0,"ty":"sh","ix":1,"ks":{"a":0,"k":{"i":[[6.125,1.085],[0.193,-5.796],[-5.173,0.698],[0.125,6.085]],"o":[[-5.954,-1.055],[-0.25,7.5],[4,-0.54],[-0.094,-4.555]],"v":[[-292.5,-309.625],[-297.75,-297.375],[-292.125,-286.625],[-288.25,-297.375]],"c":true},"ix":2},"nm":"Path 1","mn":"ADBE Vector Shape - Group","hd":false},{"ty":"fl","c":{"a":0,"k":[0.949019607843,0.949019607843,0.949019607843,1],"ix":4},"o":{"a":0,"k":100,"ix":5},"r":1,"bm":0,"nm":"Fill 1","mn":"ADBE Vector Graphic - Fill","hd":false},{"ty":"tr","p":{"a":0,"k":[0,0],"ix":2},"a":{"a":0,"k":[0,0],"ix":1},"s":{"a":0,"k":[100,100],"ix":3},"r":{"a":0,"k":0,"ix":6},"o":{"a":0,"k":100,"ix":7},"sk":{"a":0,"k":0,"ix":4},"sa":{"a":0,"k":0,"ix":5},"nm":"Transform"}],"nm":"Shape 1","np":3,"cix":2,"bm":0,"ix":1,"mn":"ADBE Vector Group","hd":false}],"ip":8,"op":901,"st":1,"bm":0},{"ddd":0,"ind":4,"ty":4,"nm":"Shape Layer 3","parent":1,"sr":1,"ks":{"o":{"a":0,"k":100,"ix":11},"r":{"a":0,"k":0,"ix":10},"p":{"a":1,"k":[{"i":{"x":0.667,"y":1},"o":{"x":0.333,"y":0},"t":7,"s":[-289.081,-296.27,0],"to":[0,-5.833,0],"ti":[0,5.833,0]},{"t":12,"s":[-289.081,-331.27,0]}],"ix":2},"a":{"a":0,"k":[-289.081,-296.27,0],"ix":1},"s":{"a":1,"k":[{"i":{"x":[0.667,0.667,0.667],"y":[1,1,1]},"o":{"x":[0.333,0.333,0.333],"y":[0,0,0]},"t":7,"s":[139,139,100]},{"t":12,"s":[0,0,100]}],"ix":6}},"ao":0,"shapes":[{"ty":"gr","it":[{"ind":0,"ty":"sh","ix":1,"ks":{"a":0,"k":{"i":[[6,0.75],[0.193,-5.796],[-5.22,0],[0,0]],"o":[[-6,-0.75],[-0.25,7.5],[9,0],[0,0]],"v":[[-288.25,-311.25],[-295.5,-296.25],[-290,-281.25],[-282.75,-291.75]],"c":true},"ix":2},"nm":"Path 1","mn":"ADBE Vector Shape - Group","hd":false},{"ty":"fl","c":{"a":0,"k":[0.949019607843,0.949019607843,0.949019607843,1],"ix":4},"o":{"a":0,"k":100,"ix":5},"r":1,"bm":0,"nm":"Fill 1","mn":"ADBE Vector Graphic - Fill","hd":false},{"ty":"tr","p":{"a":0,"k":[0,0],"ix":2},"a":{"a":0,"k":[0,0],"ix":1},"s":{"a":0,"k":[100,100],"ix":3},"r":{"a":0,"k":0,"ix":6},"o":{"a":0,"k":100,"ix":7},"sk":{"a":0,"k":0,"ix":4},"sa":{"a":0,"k":0,"ix":5},"nm":"Transform"}],"nm":"Shape 1","np":3,"cix":2,"bm":0,"ix":1,"mn":"ADBE Vector Group","hd":false}],"ip":8,"op":901,"st":1,"bm":0},{"ddd":0,"ind":5,"ty":4,"nm":"Shape Layer 2","sr":1,"ks":{"o":{"a":0,"k":100,"ix":11},"r":{"a":0,"k":0,"ix":10},"p":{"a":0,"k":[540,960,0],"ix":2},"a":{"a":0,"k":[0,0,0],"ix":1},"s":{"a":0,"k":[100,100,100],"ix":6}},"ao":0,"shapes":[{"ty":"gr","it":[{"ind":0,"ty":"sh","ix":1,"ks":{"a":1,"k":[{"i":{"x":0.833,"y":0.833},"o":{"x":0.167,"y":0.167},"t":0,"s":[{"i":[[19.177,41.839],[0,-63],[59.398,-26.399],[81.5,-25.5],[-3.5,61],[-4.65,-44.731],[33.651,-14.684],[30.854,3.164],[56,17.5],[12.554,40.092],[3.25,-56],[144.25,-21],[-0.819,-14.742],[0,0],[26.5,0.25]],"o":[[-22,-48],[0,38.659],[-45,20],[-43.995,13.765],[3.5,-61],[10.5,101],[-55,24],[-39,-4],[-44.739,-13.981],[-10,-52],[-3.25,56],[-21.574,3.141],[0.25,4.5],[0,0],[-80.25,-4.5]],"v":[[385,-321],[345,-321],[298,-190],[176,-189],[125,-324],[44,-320],[-6,-188],[-127,-212],[-236.5,-189.5],[-272,-321],[-335.5,-278.75],[-450.75,-91],[-485.5,-57.5],[487,-59.5],[450,-91.5]],"c":true}]},{"i":{"x":0.833,"y":0.833},"o":{"x":0.167,"y":0.167},"t":5,"s":[{"i":[[1.227,46.008],[0.955,-62.993],[59.398,-26.399],[81.5,-25.5],[3.417,61.005],[-0.5,-47],[33.651,-14.684],[30.854,3.164],[56,17.5],[1,40],[-3.5,-89.75],[144.25,-21],[-0.819,-14.742],[0,0],[26.5,0.25]],"o":[[-1,-37.5],[-0.5,33],[-45,20],[-43.995,13.765],[-3.5,-62.5],[1.081,101.538],[-55,24],[-39,-4],[-44.739,-13.981],[-1.001,-40.037],[2.186,56.052],[-21.574,3.141],[0.25,4.5],[0,0],[-80.25,-4.5]],"v":[[375,-276.5],[362.5,-274],[308,-170],[166,-169],[89,-276],[72.5,-275],[-1.5,-170.5],[-123.5,-184.5],[-239,-172],[-280.5,-280.5],[-297.5,-253.25],[-450.75,-91],[-485.5,-57.5],[487,-59.5],[450,-91.5]],"c":true}]},{"i":{"x":0.833,"y":0.833},"o":{"x":0.167,"y":0.167},"t":10,"s":[{"i":[[1.244,46.008],[0.388,-15.527],[22,-3.5],[84.306,-13.598],[0.001,27.295],[0.5,-23],[33.651,-14.684],[30.854,3.165],[42.005,16.335],[3.5,37.25],[-1.5,-52.25],[144.25,-21],[-0.819,-14.742],[0,0],[26.5,0.25]],"o":[[-0.5,-18.5],[-0.5,20],[-48.766,7.759],[-31,5],[0,-12],[-0.673,30.997],[-55,24],[-39,-4],[-45,-17.5],[-1.217,-12.953],[1.61,56.071],[-21.574,3.141],[0.25,4.5],[0,0],[-80.25,-4.5]],"v":[[371,-185],[356.5,-181],[300.5,-159.5],[152,-150],[83.5,-168.5],[67,-166],[11.5,-140.5],[-102.5,-143.5],[-222,-138.5],[-278.5,-196],[-296,-170.25],[-450.75,-91],[-485.5,-57.5],[487,-59.5],[450,-91.5]],"c":true}]},{"i":{"x":0.833,"y":0.833},"o":{"x":0.167,"y":0.167},"t":15,"s":[{"i":[[22.5,0],[15.532,0],[22.276,0],[85,0],[18.5,0],[18.5,0],[36.715,0],[31.016,0],[45.069,0],[27.5,0],[20.5,0.25],[97.25,0],[-0.819,-14.742],[0,0],[26.5,0.25]],"o":[[-18.507,0],[-17,0],[-49,0],[-31.401,0],[-12,0],[-31.004,0],[-60,0],[-41,0],[-41.5,0],[-13.01,0],[-56.09,-0.684],[-21.802,0],[0.25,4.5],[0,0],[-18,0.5]],"v":[[381.5,-91],[356,-91],[297.5,-91],[151,-91],[99,-91],[69,-91],[19,-91],[-109.5,-91],[-212.5,-91],[-261,-91],[-302,-91.25],[-450.75,-91],[-485.5,-57.5],[487,-59.5],[450,-91.5]],"c":true}]},{"i":{"x":0.833,"y":0.833},"o":{"x":0.167,"y":0.167},"t":18,"s":[{"i":[[42.901,0],[32.414,15.5],[42.475,0],[152.508,0],[38.142,-9.087],[17.269,2.5],[65.875,0],[31.016,0],[72.221,0],[39.017,-12.783],[32.85,0.25],[97.25,0],[-0.819,-14.742],[0,0],[26.5,0.25]],"o":[[-13.348,0],[-23.954,-11.454],[-93.432,0],[-56.34,0],[-29.381,7],[-53.081,-7.685],[-107.654,0],[-41,0],[-66.501,0],[-32.049,10.5],[-89.881,-0.684],[-21.802,0],[0.25,4.5],[0,0],[-18,0.5]],"v":[[431.599,-91],[382.977,-91],[271.432,-91],[193.492,-91],[100.192,-91],[46.365,-91],[-43.346,-91],[-109.5,-91],[-182.221,-91],[-263.144,-91],[-325.64,-91.25],[-450.75,-91],[-485.5,-57.5],[487,-59.5],[450,-91.5]],"c":true}]},{"i":{"x":0.833,"y":0.833},"o":{"x":0.167,"y":0.167},"t":21,"s":[{"i":[[52.74,0],[31.644,-9],[52.217,0],[189.945,0],[47.643,8.94],[27.932,-3.75],[82.046,0],[31.016,0],[105.552,0],[61.837,7.687],[48.011,0.25],[97.25,0],[-0.819,-14.742],[0,0],[26.5,0.25]],"o":[[-16.409,0],[-33.157,9.43],[-114.859,0],[-70.171,0],[-34.638,-6.5],[-65.423,8.783],[-134.08,0],[-41,0],[-97.192,0],[-46.254,-5.75],[-131.362,-0.684],[-21.802,0],[0.25,4.5],[0,0],[-18,0.5]],"v":[[455.76,-91],[395.986,-91],[258.859,-91],[217.055,-91],[100.853,-91],[33.813,-91],[-77.92,-91],[-109.5,-91],[-145.052,-91],[-263.322,-91],[-354.659,-91.25],[-450.75,-91],[-485.5,-57.5],[487,-59.5],[450,-91.5]],"c":true}]},{"t":24,"s":[{"i":[[22.5,0],[15.532,0],[22.276,0],[85,0],[18.5,0],[18.5,0],[36.715,0],[31.016,0],[45.069,0],[27.5,0],[20.5,0.25],[97.25,0],[-0.819,-14.742],[0,0],[26.5,0.25]],"o":[[-18.507,0],[-17,0],[-49,0],[-31.401,0],[-12,0],[-31.004,0],[-60,0],[-41,0],[-41.5,0],[-13.01,0],[-56.09,-0.684],[-21.802,0],[0.25,4.5],[0,0],[-18,0.5]],"v":[[381.5,-91],[356,-91],[297.5,-91],[151,-91],[99,-91],[69,-91],[19,-91],[-109.5,-91],[-212.5,-91],[-261,-91],[-302,-91.25],[-450.75,-91],[-485.5,-57.5],[487,-59.5],[450,-91.5]],"c":true}]}],"ix":2},"nm":"Path 1","mn":"ADBE Vector Shape - Group","hd":false},{"ty":"fl","c":{"a":0,"k":[0.949019607843,0.949019607843,0.949019607843,1],"ix":4},"o":{"a":0,"k":100,"ix":5},"r":1,"bm":0,"nm":"Fill 1","mn":"ADBE Vector Graphic - Fill","hd":false},{"ty":"tr","p":{"a":0,"k":[0,0],"ix":2},"a":{"a":0,"k":[0,0],"ix":1},"s":{"a":0,"k":[100,100],"ix":3},"r":{"a":0,"k":0,"ix":6},"o":{"a":0,"k":100,"ix":7},"sk":{"a":0,"k":0,"ix":4},"sa":{"a":0,"k":0,"ix":5},"nm":"Transform"}],"nm":"Shape 1","np":3,"cix":2,"bm":0,"ix":1,"mn":"ADBE Vector Group","hd":false}],"ip":0,"op":900,"st":0,"bm":0},{"ddd":0,"ind":6,"ty":4,"nm":"Shape Layer 7","td":1,"sr":1,"ks":{"o":{"a":0,"k":100,"ix":11},"r":{"a":0,"k":0,"ix":10},"p":{"a":0,"k":[540,896,0],"ix":2},"a":{"a":0,"k":[0,0,0],"ix":1},"s":{"a":0,"k":[100,100,100],"ix":6}},"ao":0,"shapes":[{"ty":"gr","it":[{"ty":"rc","d":1,"s":{"a":0,"k":[844,172],"ix":2},"p":{"a":0,"k":[0,0],"ix":3},"r":{"a":0,"k":0,"ix":4},"nm":"Rectangle Path 1","mn":"ADBE Vector Shape - Rect","hd":false},{"ty":"fl","c":{"a":0,"k":[0.949019607843,0.949019607843,0.949019607843,1],"ix":4},"o":{"a":0,"k":100,"ix":5},"r":1,"bm":0,"nm":"Fill 1","mn":"ADBE Vector Graphic - Fill","hd":false},{"ty":"tr","p":{"a":0,"k":[10,-86],"ix":2},"a":{"a":0,"k":[0,0],"ix":1},"s":{"a":0,"k":[100,100],"ix":3},"r":{"a":0,"k":0,"ix":6},"o":{"a":0,"k":100,"ix":7},"sk":{"a":0,"k":0,"ix":4},"sa":{"a":0,"k":0,"ix":5},"nm":"Transform"}],"nm":"Rectangle 1","np":3,"cix":2,"bm":0,"ix":1,"mn":"ADBE Vector Group","hd":false}],"ip":15,"op":900,"st":0,"bm":0},{"ddd":0,"ind":7,"ty":4,"nm":"Shape Layer 6","tt":2,"sr":1,"ks":{"o":{"a":0,"k":100,"ix":11},"r":{"a":0,"k":0,"ix":10},"p":{"a":0,"k":[540,961,0],"ix":2},"a":{"a":0,"k":[-10,64,0],"ix":1},"s":{"a":0,"k":[100,100,100],"ix":6}},"ao":0,"shapes":[{"ty":"gr","it":[{"ty":"rc","d":1,"s":{"a":0,"k":[1000,184],"ix":2},"p":{"a":0,"k":[0,0],"ix":3},"r":{"a":0,"k":40,"ix":4},"nm":"Rectangle Path 1","mn":"ADBE Vector Shape - Rect","hd":false},{"ty":"fl","c":{"a":0,"k":[0.949019607843,0.949019607843,0.949019607843,1],"ix":4},"o":{"a":0,"k":100,"ix":5},"r":1,"bm":0,"nm":"Fill 1","mn":"ADBE Vector Graphic - Fill","hd":false},{"ty":"tr","p":{"a":0,"k":[-10,64],"ix":2},"a":{"a":0,"k":[0,0],"ix":1},"s":{"a":0,"k":[100,100],"ix":3},"r":{"a":0,"k":0,"ix":6},"o":{"a":0,"k":100,"ix":7},"sk":{"a":0,"k":0,"ix":4},"sa":{"a":0,"k":0,"ix":5},"nm":"Transform"}],"nm":"Rectangle 1","np":3,"cix":2,"bm":0,"ix":1,"mn":"ADBE Vector Group","hd":false}],"ip":15,"op":900,"st":0,"bm":0},{"ddd":0,"ind":8,"ty":4,"nm":"Shape Layer 1","sr":1,"ks":{"o":{"a":0,"k":100,"ix":11},"r":{"a":0,"k":0,"ix":10},"p":{"a":0,"k":[540,961,0],"ix":2},"a":{"a":0,"k":[-10,64,0],"ix":1},"s":{"a":0,"k":[100,100,100],"ix":6}},"ao":0,"shapes":[{"ty":"gr","it":[{"ty":"rc","d":1,"s":{"a":0,"k":[1000,184],"ix":2},"p":{"a":0,"k":[0,0],"ix":3},"r":{"a":0,"k":40,"ix":4},"nm":"Rectangle Path 1","mn":"ADBE Vector Shape - Rect","hd":false},{"ty":"fl","c":{"a":0,"k":[0.949019607843,0.949019607843,0.949019607843,1],"ix":4},"o":{"a":0,"k":100,"ix":5},"r":1,"bm":0,"nm":"Fill 1","mn":"ADBE Vector Graphic - Fill","hd":false},{"ty":"tr","p":{"a":0,"k":[-10,64],"ix":2},"a":{"a":0,"k":[0,0],"ix":1},"s":{"a":0,"k":[100,100],"ix":3},"r":{"a":0,"k":0,"ix":6},"o":{"a":0,"k":100,"ix":7},"sk":{"a":0,"k":0,"ix":4},"sa":{"a":0,"k":0,"ix":5},"nm":"Transform"}],"nm":"Rectangle 1","np":3,"cix":2,"bm":0,"ix":1,"mn":"ADBE Vector Group","hd":false}],"ip":0,"op":15,"st":0,"bm":0}]}],"layers":[{"ddd":0,"ind":2,"ty":0,"nm":"LIQUID","refId":"comp_0","sr":1,"ks":{"o":{"a":0,"k":100,"ix":11},"r":{"a":0,"k":0,"ix":10},"p":{"a":0,"k":[500,407,0],"ix":2},"a":{"a":0,"k":[540,960,0],"ix":1},"s":{"a":0,"k":[100,100,100],"ix":6}},"ao":0,"w":1080,"h":1920,"ip":3,"op":903,"st":3,"bm":0},{"ddd":0,"ind":3,"ty":0,"nm":"LIQUID","refId":"comp_0","sr":1,"ks":{"o":{"a":0,"k":100,"ix":11},"r":{"a":0,"k":0,"ix":10},"p":{"a":0,"k":[500,407,0],"ix":2},"a":{"a":0,"k":[540,960,0],"ix":1},"s":{"a":0,"k":[100,100,100],"ix":6}},"ao":0,"tm":{"a":0,"k":0,"ix":2},"w":1080,"h":1920,"ip":0,"op":3,"st":0,"bm":0}],"markers":[]}